country,iso2,year,artificial_intelligence
Albania,AL,2004,0.0
Albania,AL,2005,0.0
Albania,AL,2006,0.0
Albania,AL,2007,0.0
Albania,AL,2008,0.0
Albania,AL,2009,0.0
Albania,AL,2010,0.0
Albania,AL,2011,0.0
Albania,AL,2012,0.0
Albania,AL,2013,0.0
Albania,AL,2014,0.0
Albania,AL,2015,2.5833333333333335
Albania,AL,2016,2.0
Albania,AL,2017,5.666666666666667
Albania,AL,2018,0.0
Albania,AL,2019,9.916666666666666
Albania,AL,2020,9.0
Albania,AL,2021,11.416666666666666
Albania,AL,2022,25.666666666666668
Albania,AL,2023,38.583333333333336
Albania,AL,2024,40.583333333333336
Albania,AL,2025,51.75
Algeria,DZ,2004,0.0
Algeria,DZ,2005,0.0
Algeria,DZ,2006,0.0
Algeria,DZ,2007,0.0
Algeria,DZ,2008,0.0
Algeria,DZ,2009,0.0
Algeria,DZ,2010,0.0
Algeria,DZ,2011,0.0
Algeria,DZ,2012,0.0
Algeria,DZ,2013,1.8333333333333333
Algeria,DZ,2014,0.0
Algeria,DZ,2015,2.0833333333333335
Algeria,DZ,2016,4.916666666666667
Algeria,DZ,2017,5.083333333333333
Algeria,DZ,2018,9.5
Algeria,DZ,2019,10.666666666666666
Algeria,DZ,2020,14.083333333333334
Algeria,DZ,2021,14.833333333333334
Algeria,DZ,2022,21.416666666666668
Algeria,DZ,2023,32.666666666666664
Algeria,DZ,2024,39.916666666666664
Algeria,DZ,2025,49.75
Angola,AO,2004,0.0
Angola,AO,2005,0.0
Angola,AO,2006,8.333333333333334
Angola,AO,2007,0.0
Angola,AO,2008,0.0
Angola,AO,2009,0.0
Angola,AO,2010,0.0
Angola,AO,2011,0.0
Angola,AO,2012,0.0
Angola,AO,2013,0.0
Angola,AO,2014,0.0
Angola,AO,2015,0.0
Angola,AO,2016,0.08333333333333333
Angola,AO,2017,0.0
Angola,AO,2018,0.0
Angola,AO,2019,0.0
Angola,AO,2020,0.0
Angola,AO,2021,0.0
Angola,AO,2022,0.0
Angola,AO,2023,0.0
Angola,AO,2024,3.5
Angola,AO,2025,0.25
Argentina,AR,2004,8.333333333333334
Argentina,AR,2005,0.0
Argentina,AR,2006,7.0
Argentina,AR,2007,0.0
Argentina,AR,2008,0.0
Argentina,AR,2009,1.75
Argentina,AR,2010,0.0
Argentina,AR,2011,1.9166666666666667
Argentina,AR,2012,1.8333333333333333
Argentina,AR,2013,2.9166666666666665
Argentina,AR,2014,4.583333333333333
Argentina,AR,2015,4.0
Argentina,AR,2016,5.416666666666667
Argentina,AR,2017,7.666666666666667
Argentina,AR,2018,8.5
Argentina,AR,2019,10.083333333333334
Argentina,AR,2020,11.666666666666666
Argentina,AR,2021,9.833333333333334
Argentina,AR,2022,12.166666666666666
Argentina,AR,2023,26.583333333333332
Argentina,AR,2024,25.166666666666668
Argentina,AR,2025,42.083333333333336
Armenia,AM,2004,0.0
Armenia,AM,2005,0.0
Armenia,AM,2006,8.333333333333334
Armenia,AM,2007,0.0
Armenia,AM,2008,0.0
Armenia,AM,2009,0.0
Armenia,AM,2010,0.0
Armenia,AM,2011,0.0
Armenia,AM,2012,0.0
Armenia,AM,2013,0.0
Armenia,AM,2014,0.0
Armenia,AM,2015,0.0
Armenia,AM,2016,0.0
Armenia,AM,2017,0.0
Armenia,AM,2018,0.08333333333333333
Armenia,AM,2019,0.08333333333333333
Armenia,AM,2020,0.08333333333333333
Armenia,AM,2021,0.0
Armenia,AM,2022,0.3333333333333333
Armenia,AM,2023,0.25
Armenia,AM,2024,0.16666666666666666
Armenia,AM,2025,0.25
Australia,AU,2004,68.75
Australia,AU,2005,44.166666666666664
Australia,AU,2006,25.083333333333332
Australia,AU,2007,21.416666666666668
Australia,AU,2008,16.833333333333332
Australia,AU,2009,15.583333333333334
Australia,AU,2010,14.75
Australia,AU,2011,13.75
Australia,AU,2012,14.666666666666666
Australia,AU,2013,13.25
Australia,AU,2014,13.833333333333334
Australia,AU,2015,19.5
Australia,AU,2016,20.416666666666668
Australia,AU,2017,34.666666666666664
Australia,AU,2018,37.5
Australia,AU,2019,37.416666666666664
Australia,AU,2020,32.416666666666664
Australia,AU,2021,26.333333333333332
Australia,AU,2022,32.333333333333336
Australia,AU,2023,60.333333333333336
Australia,AU,2024,53.083333333333336
Australia,AU,2025,66.0
Austria,AT,2004,0.0
Austria,AT,2005,0.0
Austria,AT,2006,0.0
Austria,AT,2007,1.9166666666666667
Austria,AT,2008,0.0
Austria,AT,2009,2.0833333333333335
Austria,AT,2010,0.75
Austria,AT,2011,2.8333333333333335
Austria,AT,2012,1.6666666666666667
Austria,AT,2013,2.6666666666666665
Austria,AT,2014,4.0
Austria,AT,2015,5.583333333333333
Austria,AT,2016,8.833333333333334
Austria,AT,2017,14.416666666666666
Austria,AT,2018,18.75
Austria,AT,2019,21.75
Austria,AT,2020,18.083333333333332
Austria,AT,2021,17.75
Austria,AT,2022,20.5
Austria,AT,2023,30.166666666666668
Austria,AT,2024,31.583333333333332
Austria,AT,2025,43.666666666666664
Azerbaijan,AZ,2004,0.0
Azerbaijan,AZ,2005,0.0
Azerbaijan,AZ,2006,0.0
Azerbaijan,AZ,2007,0.0
Azerbaijan,AZ,2008,0.0
Azerbaijan,AZ,2009,0.0
Azerbaijan,AZ,2010,0.0
Azerbaijan,AZ,2011,1.5833333333333333
Azerbaijan,AZ,2012,0.0
Azerbaijan,AZ,2013,0.0
Azerbaijan,AZ,2014,0.0
Azerbaijan,AZ,2015,0.5833333333333334
Azerbaijan,AZ,2016,0.0
Azerbaijan,AZ,2017,1.1666666666666667
Azerbaijan,AZ,2018,3.5833333333333335
Azerbaijan,AZ,2019,4.583333333333333
Azerbaijan,AZ,2020,6.583333333333333
Azerbaijan,AZ,2021,6.166666666666667
Azerbaijan,AZ,2022,11.0
Azerbaijan,AZ,2023,14.916666666666666
Azerbaijan,AZ,2024,15.25
Azerbaijan,AZ,2025,26.0
"Bahamas, The",BS,2004,0.0
"Bahamas, The",BS,2005,8.333333333333334
"Bahamas, The",BS,2006,0.0
"Bahamas, The",BS,2007,0.0
"Bahamas, The",BS,2008,0.0
"Bahamas, The",BS,2009,0.0
"Bahamas, The",BS,2010,0.0
"Bahamas, The",BS,2011,0.0
"Bahamas, The",BS,2012,0.0
"Bahamas, The",BS,2013,0.0
"Bahamas, The",BS,2014,0.4166666666666667
"Bahamas, The",BS,2015,0.0
"Bahamas, The",BS,2016,0.0
"Bahamas, The",BS,2017,0.4166666666666667
"Bahamas, The",BS,2018,0.0
"Bahamas, The",BS,2019,0.0
"Bahamas, The",BS,2020,0.0
"Bahamas, The",BS,2021,0.0
"Bahamas, The",BS,2022,0.0
"Bahamas, The",BS,2023,0.3333333333333333
"Bahamas, The",BS,2024,0.5833333333333334
"Bahamas, The",BS,2025,0.4166666666666667
Bahrain,BH,2004,0.0
Bahrain,BH,2005,0.0
Bahrain,BH,2006,0.0
Bahrain,BH,2007,0.0
Bahrain,BH,2008,0.0
Bahrain,BH,2009,0.0
Bahrain,BH,2010,0.0
Bahrain,BH,2011,0.0
Bahrain,BH,2012,0.0
Bahrain,BH,2013,0.0
Bahrain,BH,2014,0.0
Bahrain,BH,2015,0.0
Bahrain,BH,2016,3.25
Bahrain,BH,2017,7.833333333333333
Bahrain,BH,2018,10.333333333333334
Bahrain,BH,2019,31.833333333333332
Bahrain,BH,2020,33.083333333333336
Bahrain,BH,2021,37.75
Bahrain,BH,2022,54.0
Bahrain,BH,2023,70.83333333333333
Bahrain,BH,2024,53.416666666666664
Bahrain,BH,2025,56.916666666666664
Bangladesh,BD,2004,0.0
Bangladesh,BD,2005,0.0
Bangladesh,BD,2006,0.0
Bangladesh,BD,2007,8.333333333333334
Bangladesh,BD,2008,0.0
Bangladesh,BD,2009,0.0
Bangladesh,BD,2010,0.0
Bangladesh,BD,2011,6.083333333333333
Bangladesh,BD,2012,6.0
Bangladesh,BD,2013,5.833333333333333
Bangladesh,BD,2014,5.75
Bangladesh,BD,2015,6.5
Bangladesh,BD,2016,5.416666666666667
Bangladesh,BD,2017,6.333333333333333
Bangladesh,BD,2018,8.416666666666666
Bangladesh,BD,2019,7.916666666666667
Bangladesh,BD,2020,8.333333333333334
Bangladesh,BD,2021,7.75
Bangladesh,BD,2022,9.083333333333334
Bangladesh,BD,2023,12.166666666666666
Bangladesh,BD,2024,9.0
Bangladesh,BD,2025,10.666666666666666
Barbados,BB,2004,0.0
Barbados,BB,2005,8.333333333333334
Barbados,BB,2006,0.0
Barbados,BB,2007,0.0
Barbados,BB,2008,0.0
Barbados,BB,2009,0.0
Barbados,BB,2010,0.0
Barbados,BB,2011,0.0
Barbados,BB,2012,0.0
Barbados,BB,2013,0.0
Barbados,BB,2014,0.0
Barbados,BB,2015,0.0
Barbados,BB,2016,0.0
Barbados,BB,2017,0.0
Barbados,BB,2018,0.0
Barbados,BB,2019,0.0
Barbados,BB,2020,0.25
Barbados,BB,2021,0.0
Barbados,BB,2022,0.3333333333333333
Barbados,BB,2023,0.5833333333333334
Barbados,BB,2024,0.25
Barbados,BB,2025,0.3333333333333333
Belarus,BY,2004,8.333333333333334
Belarus,BY,2005,0.0
Belarus,BY,2006,0.0
Belarus,BY,2007,0.0
Belarus,BY,2008,0.0
Belarus,BY,2009,0.0
Belarus,BY,2010,0.0
Belarus,BY,2011,0.0
Belarus,BY,2012,0.0
Belarus,BY,2013,0.0
Belarus,BY,2014,0.0
Belarus,BY,2015,0.0
Belarus,BY,2016,0.0
Belarus,BY,2017,0.0
Belarus,BY,2018,0.0
Belarus,BY,2019,0.0
Belarus,BY,2020,0.0
Belarus,BY,2021,0.0
Belarus,BY,2022,0.0
Belarus,BY,2023,0.0
Belarus,BY,2024,0.0
Belarus,BY,2025,0.0
Belgium,BE,2004,8.416666666666666
Belgium,BE,2005,3.6666666666666665
Belgium,BE,2006,2.5833333333333335
Belgium,BE,2007,2.3333333333333335
Belgium,BE,2008,1.4166666666666667
Belgium,BE,2009,3.6666666666666665
Belgium,BE,2010,3.1666666666666665
Belgium,BE,2011,7.25
Belgium,BE,2012,5.916666666666667
Belgium,BE,2013,5.75
Belgium,BE,2014,5.583333333333333
Belgium,BE,2015,8.166666666666666
Belgium,BE,2016,11.666666666666666
Belgium,BE,2017,20.75
Belgium,BE,2018,27.333333333333332
Belgium,BE,2019,25.916666666666668
Belgium,BE,2020,24.5
Belgium,BE,2021,21.333333333333332
Belgium,BE,2022,25.25
Belgium,BE,2023,36.75
Belgium,BE,2024,36.0
Belgium,BE,2025,43.75
Belize,BZ,2004,0.0
Belize,BZ,2005,0.0
Belize,BZ,2006,0.0
Belize,BZ,2007,0.0
Belize,BZ,2008,0.0
Belize,BZ,2009,0.0
Belize,BZ,2010,0.0
Belize,BZ,2011,0.0
Belize,BZ,2012,0.0
Belize,BZ,2013,0.0
Belize,BZ,2014,0.0
Belize,BZ,2015,0.0
Belize,BZ,2016,0.0
Belize,BZ,2017,0.0
Belize,BZ,2018,0.0
Belize,BZ,2019,8.333333333333334
Belize,BZ,2020,7.083333333333333
Belize,BZ,2021,0.0
Belize,BZ,2022,0.0
Belize,BZ,2023,7.583333333333333
Belize,BZ,2024,0.0
Belize,BZ,2025,0.0
Benin,BJ,2004,0.0
Benin,BJ,2005,0.0
Benin,BJ,2006,0.0
Benin,BJ,2007,0.0
Benin,BJ,2008,0.0
Benin,BJ,2009,0.0
Benin,BJ,2010,0.0
Benin,BJ,2011,0.0
Benin,BJ,2012,0.0
Benin,BJ,2013,0.0
Benin,BJ,2014,0.0
Benin,BJ,2015,0.0
Benin,BJ,2016,0.0
Benin,BJ,2017,8.333333333333334
Benin,BJ,2018,0.0
Benin,BJ,2019,7.166666666666667
Benin,BJ,2020,0.0
Benin,BJ,2021,0.0
Benin,BJ,2022,2.3333333333333335
Benin,BJ,2023,2.0833333333333335
Benin,BJ,2024,2.5
Benin,BJ,2025,6.25
Bhutan,BT,2004,0.0
Bhutan,BT,2005,0.0
Bhutan,BT,2006,0.0
Bhutan,BT,2007,0.0
Bhutan,BT,2008,0.0
Bhutan,BT,2009,0.0
Bhutan,BT,2010,0.0
Bhutan,BT,2011,0.0
Bhutan,BT,2012,0.0
Bhutan,BT,2013,0.0
Bhutan,BT,2014,0.0
Bhutan,BT,2015,0.0
Bhutan,BT,2016,0.0
Bhutan,BT,2017,0.0
Bhutan,BT,2018,8.333333333333334
Bhutan,BT,2019,5.666666666666667
Bhutan,BT,2020,3.4166666666666665
Bhutan,BT,2021,3.0
Bhutan,BT,2022,18.583333333333332
Bhutan,BT,2023,23.5
Bhutan,BT,2024,6.583333333333333
Bhutan,BT,2025,6.0
Bolivia,BO,2004,0.0
Bolivia,BO,2005,0.0
Bolivia,BO,2006,0.0
Bolivia,BO,2007,8.333333333333334
Bolivia,BO,2008,0.0
Bolivia,BO,2009,0.0
Bolivia,BO,2010,0.0
Bolivia,BO,2011,0.0
Bolivia,BO,2012,0.0
Bolivia,BO,2013,0.0
Bolivia,BO,2014,4.5
Bolivia,BO,2015,4.25
Bolivia,BO,2016,0.0
Bolivia,BO,2017,0.0
Bolivia,BO,2018,0.0
Bolivia,BO,2019,2.0
Bolivia,BO,2020,0.0
Bolivia,BO,2021,0.5
Bolivia,BO,2022,1.1666666666666667
Bolivia,BO,2023,6.833333333333333
Bolivia,BO,2024,8.0
Bolivia,BO,2025,9.666666666666666
Bosnia and Herzegovina,BA,2004,0.0
Bosnia and Herzegovina,BA,2005,0.0
Bosnia and Herzegovina,BA,2006,0.0
Bosnia and Herzegovina,BA,2007,0.0
Bosnia and Herzegovina,BA,2008,0.0
Bosnia and Herzegovina,BA,2009,0.0
Bosnia and Herzegovina,BA,2010,0.0
Bosnia and Herzegovina,BA,2011,0.0
Bosnia and Herzegovina,BA,2012,0.0
Bosnia and Herzegovina,BA,2013,0.0
Bosnia and Herzegovina,BA,2014,0.0
Bosnia and Herzegovina,BA,2015,0.0
Bosnia and Herzegovina,BA,2016,4.583333333333333
Bosnia and Herzegovina,BA,2017,6.0
Bosnia and Herzegovina,BA,2018,3.3333333333333335
Bosnia and Herzegovina,BA,2019,1.75
Bosnia and Herzegovina,BA,2020,3.5833333333333335
Bosnia and Herzegovina,BA,2021,5.833333333333333
Bosnia and Herzegovina,BA,2022,7.916666666666667
Bosnia and Herzegovina,BA,2023,27.25
Bosnia and Herzegovina,BA,2024,20.583333333333332
Bosnia and Herzegovina,BA,2025,34.75
Botswana,BW,2004,0.0
Botswana,BW,2005,0.0
Botswana,BW,2006,0.0
Botswana,BW,2007,0.0
Botswana,BW,2008,0.0
Botswana,BW,2009,0.0
Botswana,BW,2010,0.0
Botswana,BW,2011,8.333333333333334
Botswana,BW,2012,0.0
Botswana,BW,2013,0.0
Botswana,BW,2014,0.0
Botswana,BW,2015,10.833333333333334
Botswana,BW,2016,0.0
Botswana,BW,2017,0.0
Botswana,BW,2018,13.083333333333334
Botswana,BW,2019,6.083333333333333
Botswana,BW,2020,5.416666666666667
Botswana,BW,2021,0.0
Botswana,BW,2022,21.25
Botswana,BW,2023,30.166666666666668
Botswana,BW,2024,26.166666666666668
Botswana,BW,2025,33.666666666666664
Brazil,BR,2004,6.5
Brazil,BR,2005,6.166666666666667
Brazil,BR,2006,4.75
Brazil,BR,2007,3.4166666666666665
Brazil,BR,2008,2.3333333333333335
Brazil,BR,2009,1.6666666666666667
Brazil,BR,2010,1.5
Brazil,BR,2011,1.1666666666666667
Brazil,BR,2012,1.0833333333333333
Brazil,BR,2013,1.0
Brazil,BR,2014,1.0833333333333333
Brazil,BR,2015,1.4166666666666667
Brazil,BR,2016,2.0
Brazil,BR,2017,2.5833333333333335
Brazil,BR,2018,2.9166666666666665
Brazil,BR,2019,3.1666666666666665
Brazil,BR,2020,2.9166666666666665
Brazil,BR,2021,2.75
Brazil,BR,2022,3.25
Brazil,BR,2023,6.583333333333333
Brazil,BR,2024,51.416666666666664
Brazil,BR,2025,15.666666666666666
Brunei Darussalam,BN,2004,0.0
Brunei Darussalam,BN,2005,0.0
Brunei Darussalam,BN,2006,0.0
Brunei Darussalam,BN,2007,0.0
Brunei Darussalam,BN,2008,0.0
Brunei Darussalam,BN,2009,8.333333333333334
Brunei Darussalam,BN,2010,0.0
Brunei Darussalam,BN,2011,0.0
Brunei Darussalam,BN,2012,0.0
Brunei Darussalam,BN,2013,0.0
Brunei Darussalam,BN,2014,1.8333333333333333
Brunei Darussalam,BN,2015,0.0
Brunei Darussalam,BN,2016,1.0833333333333333
Brunei Darussalam,BN,2017,0.0
Brunei Darussalam,BN,2018,1.75
Brunei Darussalam,BN,2019,0.0
Brunei Darussalam,BN,2020,2.0
Brunei Darussalam,BN,2021,1.1666666666666667
Brunei Darussalam,BN,2022,4.0
Brunei Darussalam,BN,2023,5.0
Brunei Darussalam,BN,2024,4.25
Brunei Darussalam,BN,2025,3.3333333333333335
Bulgaria,BG,2004,0.0
Bulgaria,BG,2005,0.0
Bulgaria,BG,2006,6.333333333333333
Bulgaria,BG,2007,4.166666666666667
Bulgaria,BG,2008,0.0
Bulgaria,BG,2009,0.0
Bulgaria,BG,2010,0.0
Bulgaria,BG,2011,2.0
Bulgaria,BG,2012,5.833333333333333
Bulgaria,BG,2013,1.4166666666666667
Bulgaria,BG,2014,3.9166666666666665
Bulgaria,BG,2015,5.666666666666667
Bulgaria,BG,2016,6.333333333333333
Bulgaria,BG,2017,11.916666666666666
Bulgaria,BG,2018,14.666666666666666
Bulgaria,BG,2019,11.833333333333334
Bulgaria,BG,2020,14.5
Bulgaria,BG,2021,13.166666666666666
Bulgaria,BG,2022,18.583333333333332
Bulgaria,BG,2023,28.75
Bulgaria,BG,2024,28.166666666666668
Bulgaria,BG,2025,40.666666666666664
Burkina Faso,BF,2004,8.333333333333334
Burkina Faso,BF,2005,0.0
Burkina Faso,BF,2006,0.0
Burkina Faso,BF,2007,0.0
Burkina Faso,BF,2008,0.0
Burkina Faso,BF,2009,0.0
Burkina Faso,BF,2010,0.0
Burkina Faso,BF,2011,0.0
Burkina Faso,BF,2012,0.0
Burkina Faso,BF,2013,0.0
Burkina Faso,BF,2014,0.0
Burkina Faso,BF,2015,0.0
Burkina Faso,BF,2016,0.0
Burkina Faso,BF,2017,0.0
Burkina Faso,BF,2018,0.0
Burkina Faso,BF,2019,0.0
Burkina Faso,BF,2020,0.0
Burkina Faso,BF,2021,0.0
Burkina Faso,BF,2022,0.0
Burkina Faso,BF,2023,0.0
Burkina Faso,BF,2024,0.0
Burkina Faso,BF,2025,0.0
Burundi,BI,2004,0.0
Burundi,BI,2005,0.0
Burundi,BI,2006,8.333333333333334
Burundi,BI,2007,0.0
Burundi,BI,2008,0.0
Burundi,BI,2009,0.0
Burundi,BI,2010,0.0
Burundi,BI,2011,0.0
Burundi,BI,2012,0.0
Burundi,BI,2013,0.0
Burundi,BI,2014,0.0
Burundi,BI,2015,0.0
Burundi,BI,2016,0.08333333333333333
Burundi,BI,2017,0.0
Burundi,BI,2018,0.0
Burundi,BI,2019,0.0
Burundi,BI,2020,0.0
Burundi,BI,2021,0.0
Burundi,BI,2022,0.0
Burundi,BI,2023,0.0
Burundi,BI,2024,0.08333333333333333
Burundi,BI,2025,0.0
Cabo Verde,CV,2004,0.0
Cabo Verde,CV,2005,0.0
Cabo Verde,CV,2006,0.0
Cabo Verde,CV,2007,0.0
Cabo Verde,CV,2008,0.0
Cabo Verde,CV,2009,0.0
Cabo Verde,CV,2010,0.0
Cabo Verde,CV,2011,0.0
Cabo Verde,CV,2012,0.0
Cabo Verde,CV,2013,0.0
Cabo Verde,CV,2014,0.0
Cabo Verde,CV,2015,0.0
Cabo Verde,CV,2016,0.0
Cabo Verde,CV,2017,11.916666666666666
Cabo Verde,CV,2018,0.0
Cabo Verde,CV,2019,0.0
Cabo Verde,CV,2020,0.0
Cabo Verde,CV,2021,0.0
Cabo Verde,CV,2022,0.0
Cabo Verde,CV,2023,0.0
Cabo Verde,CV,2024,19.583333333333332
Cabo Verde,CV,2025,0.0
Cambodia,KH,2004,0.0
Cambodia,KH,2005,0.0
Cambodia,KH,2006,0.0
Cambodia,KH,2007,0.0
Cambodia,KH,2008,0.0
Cambodia,KH,2009,0.0
Cambodia,KH,2010,0.0
Cambodia,KH,2011,0.0
Cambodia,KH,2012,0.0
Cambodia,KH,2013,0.0
Cambodia,KH,2014,0.0
Cambodia,KH,2015,0.0
Cambodia,KH,2016,0.0
Cambodia,KH,2017,4.416666666666667
Cambodia,KH,2018,12.916666666666666
Cambodia,KH,2019,31.5
Cambodia,KH,2020,24.75
Cambodia,KH,2021,24.75
Cambodia,KH,2022,30.333333333333332
Cambodia,KH,2023,48.583333333333336
Cambodia,KH,2024,46.916666666666664
Cambodia,KH,2025,55.75
Cameroon,CM,2004,0.0
Cameroon,CM,2005,0.0
Cameroon,CM,2006,0.0
Cameroon,CM,2007,0.0
Cameroon,CM,2008,0.0
Cameroon,CM,2009,0.0
Cameroon,CM,2010,0.0
Cameroon,CM,2011,0.0
Cameroon,CM,2012,0.0
Cameroon,CM,2013,0.0
Cameroon,CM,2014,0.0
Cameroon,CM,2015,0.0
Cameroon,CM,2016,0.0
Cameroon,CM,2017,0.0
Cameroon,CM,2018,5.0
Cameroon,CM,2019,10.833333333333334
Cameroon,CM,2020,7.666666666666667
Cameroon,CM,2021,12.666666666666666
Cameroon,CM,2022,41.833333333333336
Cameroon,CM,2023,52.416666666666664
Cameroon,CM,2024,66.08333333333333
Cameroon,CM,2025,56.166666666666664
Canada,CA,2004,32.083333333333336
Canada,CA,2005,25.333333333333332
Canada,CA,2006,16.166666666666668
Canada,CA,2007,12.416666666666666
Canada,CA,2008,11.333333333333334
Canada,CA,2009,10.916666666666666
Canada,CA,2010,10.5
Canada,CA,2011,11.25
Canada,CA,2012,10.166666666666666
Canada,CA,2013,9.166666666666666
Canada,CA,2014,11.333333333333334
Canada,CA,2015,15.083333333333334
Canada,CA,2016,17.75
Canada,CA,2017,32.083333333333336
Canada,CA,2018,36.25
Canada,CA,2019,32.666666666666664
Canada,CA,2020,28.583333333333332
Canada,CA,2021,22.083333333333332
Canada,CA,2022,29.75
Canada,CA,2023,53.833333333333336
Canada,CA,2024,44.583333333333336
Canada,CA,2025,56.583333333333336
Central African Republic,CF,2004,0.0
Central African Republic,CF,2005,0.0
Central African Republic,CF,2006,0.0
Central African Republic,CF,2007,0.0
Central African Republic,CF,2008,0.0
Central African Republic,CF,2009,0.0
Central African Republic,CF,2010,0.0
Central African Republic,CF,2011,0.0
Central African Republic,CF,2012,0.0
Central African Republic,CF,2013,8.333333333333334
Central African Republic,CF,2014,0.0
Central African Republic,CF,2015,0.0
Central African Republic,CF,2016,0.0
Central African Republic,CF,2017,0.0
Central African Republic,CF,2018,0.0
Central African Republic,CF,2019,0.0
Central African Republic,CF,2020,0.0
Central African Republic,CF,2021,0.0
Central African Republic,CF,2022,0.0
Central African Republic,CF,2023,0.0
Central African Republic,CF,2024,0.0
Central African Republic,CF,2025,0.0
Chad,TD,2004,0.0
Chad,TD,2005,0.0
Chad,TD,2006,0.0
Chad,TD,2007,0.0
Chad,TD,2008,0.0
Chad,TD,2009,0.0
Chad,TD,2010,0.0
Chad,TD,2011,0.0
Chad,TD,2012,0.0
Chad,TD,2013,0.0
Chad,TD,2014,0.0
Chad,TD,2015,0.0
Chad,TD,2016,0.0
Chad,TD,2017,0.0
Chad,TD,2018,0.0
Chad,TD,2019,0.0
Chad,TD,2020,8.333333333333334
Chad,TD,2021,0.0
Chad,TD,2022,0.0
Chad,TD,2023,0.0
Chad,TD,2024,0.0
Chad,TD,2025,0.0
Chile,CL,2004,0.0
Chile,CL,2005,0.0
Chile,CL,2006,0.0
Chile,CL,2007,0.0
Chile,CL,2008,0.0
Chile,CL,2009,0.0
Chile,CL,2010,0.0
Chile,CL,2011,1.0833333333333333
Chile,CL,2012,0.0
Chile,CL,2013,0.0
Chile,CL,2014,3.0833333333333335
Chile,CL,2015,2.8333333333333335
Chile,CL,2016,4.083333333333333
Chile,CL,2017,8.916666666666666
Chile,CL,2018,12.333333333333334
Chile,CL,2019,12.583333333333334
Chile,CL,2020,9.833333333333334
Chile,CL,2021,7.666666666666667
Chile,CL,2022,12.25
Chile,CL,2023,22.416666666666668
Chile,CL,2024,23.5
Chile,CL,2025,40.5
"China, People's Republic of",CN,2004,1.1666666666666667
"China, People's Republic of",CN,2005,2.4166666666666665
"China, People's Republic of",CN,2006,2.5833333333333335
"China, People's Republic of",CN,2007,1.9166666666666667
"China, People's Republic of",CN,2008,1.5833333333333333
"China, People's Republic of",CN,2009,2.0833333333333335
"China, People's Republic of",CN,2010,1.4166666666666667
"China, People's Republic of",CN,2011,1.5833333333333333
"China, People's Republic of",CN,2012,2.0833333333333335
"China, People's Republic of",CN,2013,3.0
"China, People's Republic of",CN,2014,5.25
"China, People's Republic of",CN,2015,2.3333333333333335
"China, People's Republic of",CN,2016,19.666666666666668
"China, People's Republic of",CN,2017,37.75
"China, People's Republic of",CN,2018,35.083333333333336
"China, People's Republic of",CN,2019,29.416666666666668
"China, People's Republic of",CN,2020,22.583333333333332
"China, People's Republic of",CN,2021,29.166666666666668
"China, People's Republic of",CN,2022,32.0
"China, People's Republic of",CN,2023,46.333333333333336
"China, People's Republic of",CN,2024,53.083333333333336
"China, People's Republic of",CN,2025,65.58333333333333
Colombia,CO,2004,0.0
Colombia,CO,2005,0.0
Colombia,CO,2006,0.0
Colombia,CO,2007,0.0
Colombia,CO,2008,0.0
Colombia,CO,2009,0.0
Colombia,CO,2010,2.1666666666666665
Colombia,CO,2011,1.5833333333333333
Colombia,CO,2012,2.1666666666666665
Colombia,CO,2013,1.1666666666666667
Colombia,CO,2014,3.4166666666666665
Colombia,CO,2015,5.25
Colombia,CO,2016,5.666666666666667
Colombia,CO,2017,9.416666666666666
Colombia,CO,2018,12.75
Colombia,CO,2019,15.416666666666666
Colombia,CO,2020,14.25
Colombia,CO,2021,10.833333333333334
Colombia,CO,2022,13.833333333333334
Colombia,CO,2023,30.25
Colombia,CO,2024,32.0
Colombia,CO,2025,45.583333333333336
Comoros,KM,2004,0.0
Comoros,KM,2005,0.0
Comoros,KM,2006,0.0
Comoros,KM,2007,0.0
Comoros,KM,2008,0.0
Comoros,KM,2009,0.0
Comoros,KM,2010,0.0
Comoros,KM,2011,0.0
Comoros,KM,2012,0.0
Comoros,KM,2013,0.0
Comoros,KM,2014,0.0
Comoros,KM,2015,0.0
Comoros,KM,2016,0.0
Comoros,KM,2017,0.0
Comoros,KM,2018,0.0
Comoros,KM,2019,0.0
Comoros,KM,2020,0.0
Comoros,KM,2021,0.0
Comoros,KM,2022,0.0
Comoros,KM,2023,0.0
Comoros,KM,2024,8.333333333333334
Comoros,KM,2025,0.0
"Congo, Dem. Rep. of the",CD,2004,0.0
"Congo, Dem. Rep. of the",CD,2005,0.0
"Congo, Dem. Rep. of the",CD,2006,0.0
"Congo, Dem. Rep. of the",CD,2007,0.0
"Congo, Dem. Rep. of the",CD,2008,0.0
"Congo, Dem. Rep. of the",CD,2009,0.0
"Congo, Dem. Rep. of the",CD,2010,0.0
"Congo, Dem. Rep. of the",CD,2011,0.0
"Congo, Dem. Rep. of the",CD,2012,0.0
"Congo, Dem. Rep. of the",CD,2013,0.0
"Congo, Dem. Rep. of the",CD,2014,0.0
"Congo, Dem. Rep. of the",CD,2015,0.0
"Congo, Dem. Rep. of the",CD,2016,0.0
"Congo, Dem. Rep. of the",CD,2017,0.0
"Congo, Dem. Rep. of the",CD,2018,0.0
"Congo, Dem. Rep. of the",CD,2019,0.0
"Congo, Dem. Rep. of the",CD,2020,0.0
"Congo, Dem. Rep. of the",CD,2021,0.0
"Congo, Dem. Rep. of the",CD,2022,0.0
"Congo, Dem. Rep. of the",CD,2023,5.833333333333333
"Congo, Dem. Rep. of the",CD,2024,6.25
"Congo, Dem. Rep. of the",CD,2025,20.583333333333332
Costa Rica,CR,2004,0.0
Costa Rica,CR,2005,0.0
Costa Rica,CR,2006,0.0
Costa Rica,CR,2007,0.0
Costa Rica,CR,2008,0.0
Costa Rica,CR,2009,0.0
Costa Rica,CR,2010,0.0
Costa Rica,CR,2011,0.0
Costa Rica,CR,2012,0.0
Costa Rica,CR,2013,0.0
Costa Rica,CR,2014,0.0
Costa Rica,CR,2015,1.9166666666666667
Costa Rica,CR,2016,3.3333333333333335
Costa Rica,CR,2017,8.166666666666666
Costa Rica,CR,2018,13.083333333333334
Costa Rica,CR,2019,6.083333333333333
Costa Rica,CR,2020,15.5
Costa Rica,CR,2021,3.4166666666666665
Costa Rica,CR,2022,22.833333333333332
Costa Rica,CR,2023,34.583333333333336
Costa Rica,CR,2024,31.416666666666668
Costa Rica,CR,2025,51.416666666666664
Croatia,HR,2004,0.0
Croatia,HR,2005,0.0
Croatia,HR,2006,0.0
Croatia,HR,2007,0.0
Croatia,HR,2008,0.0
Croatia,HR,2009,0.0
Croatia,HR,2010,0.0
Croatia,HR,2011,7.083333333333333
Croatia,HR,2012,1.25
Croatia,HR,2013,4.916666666666667
Croatia,HR,2014,3.9166666666666665
Croatia,HR,2015,6.833333333333333
Croatia,HR,2016,9.916666666666666
Croatia,HR,2017,11.5
Croatia,HR,2018,14.666666666666666
Croatia,HR,2019,14.5
Croatia,HR,2020,15.333333333333334
Croatia,HR,2021,15.083333333333334
Croatia,HR,2022,20.916666666666668
Croatia,HR,2023,30.5
Croatia,HR,2024,28.666666666666668
Croatia,HR,2025,41.083333333333336
Cyprus,CY,2004,0.0
Cyprus,CY,2005,0.0
Cyprus,CY,2006,0.0
Cyprus,CY,2007,0.0
Cyprus,CY,2008,0.0
Cyprus,CY,2009,0.0
Cyprus,CY,2010,0.0
Cyprus,CY,2011,0.0
Cyprus,CY,2012,0.0
Cyprus,CY,2013,2.5833333333333335
Cyprus,CY,2014,0.0
Cyprus,CY,2015,3.8333333333333335
Cyprus,CY,2016,5.083333333333333
Cyprus,CY,2017,15.583333333333334
Cyprus,CY,2018,26.666666666666668
Cyprus,CY,2019,25.583333333333332
Cyprus,CY,2020,23.5
Cyprus,CY,2021,27.833333333333332
Cyprus,CY,2022,33.666666666666664
Cyprus,CY,2023,52.25
Cyprus,CY,2024,48.0
Cyprus,CY,2025,48.083333333333336
Czech Republic,CZ,2004,0.0
Czech Republic,CZ,2005,0.0
Czech Republic,CZ,2006,5.25
Czech Republic,CZ,2007,0.0
Czech Republic,CZ,2008,0.0
Czech Republic,CZ,2009,0.0
Czech Republic,CZ,2010,3.0833333333333335
Czech Republic,CZ,2011,1.6666666666666667
Czech Republic,CZ,2012,2.8333333333333335
Czech Republic,CZ,2013,1.6666666666666667
Czech Republic,CZ,2014,3.75
Czech Republic,CZ,2015,3.5833333333333335
Czech Republic,CZ,2016,5.75
Czech Republic,CZ,2017,8.5
Czech Republic,CZ,2018,9.666666666666666
Czech Republic,CZ,2019,9.333333333333334
Czech Republic,CZ,2020,8.5
Czech Republic,CZ,2021,8.75
Czech Republic,CZ,2022,11.5
Czech Republic,CZ,2023,18.583333333333332
Czech Republic,CZ,2024,17.166666666666668
Czech Republic,CZ,2025,30.75
Côte d'Ivoire,CI,2004,0.0
Côte d'Ivoire,CI,2005,0.0
Côte d'Ivoire,CI,2006,0.0
Côte d'Ivoire,CI,2007,0.0
Côte d'Ivoire,CI,2008,0.0
Côte d'Ivoire,CI,2009,0.0
Côte d'Ivoire,CI,2010,0.0
Côte d'Ivoire,CI,2011,0.0
Côte d'Ivoire,CI,2012,0.0
Côte d'Ivoire,CI,2013,0.0
Côte d'Ivoire,CI,2014,0.0
Côte d'Ivoire,CI,2015,8.333333333333334
Côte d'Ivoire,CI,2016,0.0
Côte d'Ivoire,CI,2017,0.0
Côte d'Ivoire,CI,2018,0.0
Côte d'Ivoire,CI,2019,0.0
Côte d'Ivoire,CI,2020,7.166666666666667
Côte d'Ivoire,CI,2021,0.0
Côte d'Ivoire,CI,2022,0.0
Côte d'Ivoire,CI,2023,6.666666666666667
Côte d'Ivoire,CI,2024,14.0
Côte d'Ivoire,CI,2025,31.0
Denmark,DK,2004,0.0
Denmark,DK,2005,0.0
Denmark,DK,2006,2.8333333333333335
Denmark,DK,2007,1.8333333333333333
Denmark,DK,2008,0.0
Denmark,DK,2009,1.0
Denmark,DK,2010,2.5833333333333335
Denmark,DK,2011,5.333333333333333
Denmark,DK,2012,3.5833333333333335
Denmark,DK,2013,6.333333333333333
Denmark,DK,2014,8.083333333333334
Denmark,DK,2015,10.666666666666666
Denmark,DK,2016,14.333333333333334
Denmark,DK,2017,21.083333333333332
Denmark,DK,2018,21.666666666666668
Denmark,DK,2019,16.333333333333332
Denmark,DK,2020,16.75
Denmark,DK,2021,14.25
Denmark,DK,2022,19.333333333333332
Denmark,DK,2023,32.083333333333336
Denmark,DK,2024,31.5
Denmark,DK,2025,39.25
Djibouti,DJ,2004,0.0
Djibouti,DJ,2005,0.0
Djibouti,DJ,2006,0.0
Djibouti,DJ,2007,0.0
Djibouti,DJ,2008,0.0
Djibouti,DJ,2009,0.0
Djibouti,DJ,2010,8.333333333333334
Djibouti,DJ,2011,0.0
Djibouti,DJ,2012,0.0
Djibouti,DJ,2013,0.0
Djibouti,DJ,2014,0.0
Djibouti,DJ,2015,0.0
Djibouti,DJ,2016,0.0
Djibouti,DJ,2017,0.0
Djibouti,DJ,2018,0.0
Djibouti,DJ,2019,0.0
Djibouti,DJ,2020,0.0
Djibouti,DJ,2021,0.0
Djibouti,DJ,2022,0.0
Djibouti,DJ,2023,0.0
Djibouti,DJ,2024,0.0
Djibouti,DJ,2025,0.0
Dominican Republic,DO,2004,0.0
Dominican Republic,DO,2005,0.0
Dominican Republic,DO,2006,0.0
Dominican Republic,DO,2007,0.0
Dominican Republic,DO,2008,0.0
Dominican Republic,DO,2009,0.0
Dominican Republic,DO,2010,0.0
Dominican Republic,DO,2011,0.0
Dominican Republic,DO,2012,0.0
Dominican Republic,DO,2013,0.0
Dominican Republic,DO,2014,0.0
Dominican Republic,DO,2015,4.25
Dominican Republic,DO,2016,0.0
Dominican Republic,DO,2017,0.0
Dominican Republic,DO,2018,1.6666666666666667
Dominican Republic,DO,2019,1.4166666666666667
Dominican Republic,DO,2020,4.083333333333333
Dominican Republic,DO,2021,8.833333333333334
Dominican Republic,DO,2022,7.083333333333333
Dominican Republic,DO,2023,22.083333333333332
Dominican Republic,DO,2024,20.833333333333332
Dominican Republic,DO,2025,37.916666666666664
Ecuador,EC,2004,0.0
Ecuador,EC,2005,0.0
Ecuador,EC,2006,0.0
Ecuador,EC,2007,0.0
Ecuador,EC,2008,0.0
Ecuador,EC,2009,0.0
Ecuador,EC,2010,0.0
Ecuador,EC,2011,1.6666666666666667
Ecuador,EC,2012,0.0
Ecuador,EC,2013,1.0
Ecuador,EC,2014,0.75
Ecuador,EC,2015,0.75
Ecuador,EC,2016,0.5833333333333334
Ecuador,EC,2017,0.5833333333333334
Ecuador,EC,2018,3.75
Ecuador,EC,2019,5.5
Ecuador,EC,2020,6.916666666666667
Ecuador,EC,2021,5.5
Ecuador,EC,2022,8.333333333333334
Ecuador,EC,2023,19.416666666666668
Ecuador,EC,2024,20.333333333333332
Ecuador,EC,2025,45.5
Egypt,EG,2004,0.0
Egypt,EG,2005,0.0
Egypt,EG,2006,0.0
Egypt,EG,2007,0.0
Egypt,EG,2008,17.666666666666668
Egypt,EG,2009,15.416666666666666
Egypt,EG,2010,13.416666666666666
Egypt,EG,2011,8.666666666666666
Egypt,EG,2012,10.333333333333334
Egypt,EG,2013,11.833333333333334
Egypt,EG,2014,11.25
Egypt,EG,2015,11.333333333333334
Egypt,EG,2016,10.916666666666666
Egypt,EG,2017,14.583333333333334
Egypt,EG,2018,19.083333333333332
Egypt,EG,2019,25.25
Egypt,EG,2020,27.75
Egypt,EG,2021,25.0
Egypt,EG,2022,37.333333333333336
Egypt,EG,2023,51.75
Egypt,EG,2024,49.833333333333336
Egypt,EG,2025,53.916666666666664
El Salvador,SV,2004,0.0
El Salvador,SV,2005,0.0
El Salvador,SV,2006,0.0
El Salvador,SV,2007,0.0
El Salvador,SV,2008,0.0
El Salvador,SV,2009,0.0
El Salvador,SV,2010,0.0
El Salvador,SV,2011,0.0
El Salvador,SV,2012,0.0
El Salvador,SV,2013,0.0
El Salvador,SV,2014,0.0
El Salvador,SV,2015,0.0
El Salvador,SV,2016,5.5
El Salvador,SV,2017,0.0
El Salvador,SV,2018,0.0
El Salvador,SV,2019,0.0
El Salvador,SV,2020,0.0
El Salvador,SV,2021,0.0
El Salvador,SV,2022,0.0
El Salvador,SV,2023,21.0
El Salvador,SV,2024,18.333333333333332
El Salvador,SV,2025,29.416666666666668
Estonia,EE,2004,0.0
Estonia,EE,2005,0.0
Estonia,EE,2006,0.0
Estonia,EE,2007,0.0
Estonia,EE,2008,5.5
Estonia,EE,2009,0.0
Estonia,EE,2010,0.0
Estonia,EE,2011,3.4166666666666665
Estonia,EE,2012,2.25
Estonia,EE,2013,0.0
Estonia,EE,2014,1.4166666666666667
Estonia,EE,2015,0.0
Estonia,EE,2016,0.0
Estonia,EE,2017,6.25
Estonia,EE,2018,7.583333333333333
Estonia,EE,2019,6.333333333333333
Estonia,EE,2020,4.0
Estonia,EE,2021,0.0
Estonia,EE,2022,7.5
Estonia,EE,2023,19.583333333333332
Estonia,EE,2024,11.583333333333334
Estonia,EE,2025,29.25
Eswatini,SZ,2004,0.0
Eswatini,SZ,2005,0.0
Eswatini,SZ,2006,0.0
Eswatini,SZ,2007,0.0
Eswatini,SZ,2008,0.0
Eswatini,SZ,2009,0.0
Eswatini,SZ,2010,0.0
Eswatini,SZ,2011,0.0
Eswatini,SZ,2012,0.0
Eswatini,SZ,2013,0.0
Eswatini,SZ,2014,0.0
Eswatini,SZ,2015,0.0
Eswatini,SZ,2016,0.0
Eswatini,SZ,2017,0.0
Eswatini,SZ,2018,0.0
Eswatini,SZ,2019,0.0
Eswatini,SZ,2020,0.0
Eswatini,SZ,2021,0.0
Eswatini,SZ,2022,0.0
Eswatini,SZ,2023,16.916666666666668
Eswatini,SZ,2024,20.416666666666668
Eswatini,SZ,2025,23.833333333333332
Ethiopia,ET,2004,0.0
Ethiopia,ET,2005,0.0
Ethiopia,ET,2006,0.0
Ethiopia,ET,2007,0.0
Ethiopia,ET,2008,0.0
Ethiopia,ET,2009,0.0
Ethiopia,ET,2010,0.0
Ethiopia,ET,2011,5.75
Ethiopia,ET,2012,3.25
Ethiopia,ET,2013,4.25
Ethiopia,ET,2014,9.166666666666666
Ethiopia,ET,2015,12.333333333333334
Ethiopia,ET,2016,9.166666666666666
Ethiopia,ET,2017,10.666666666666666
Ethiopia,ET,2018,21.583333333333332
Ethiopia,ET,2019,19.916666666666668
Ethiopia,ET,2020,29.083333333333332
Ethiopia,ET,2021,65.75
Ethiopia,ET,2022,62.333333333333336
Ethiopia,ET,2023,53.083333333333336
Ethiopia,ET,2024,45.166666666666664
Ethiopia,ET,2025,40.0
Fiji,FJ,2004,0.0
Fiji,FJ,2005,0.0
Fiji,FJ,2006,0.0
Fiji,FJ,2007,0.0
Fiji,FJ,2008,0.0
Fiji,FJ,2009,8.333333333333334
Fiji,FJ,2010,0.0
Fiji,FJ,2011,0.0
Fiji,FJ,2012,0.0
Fiji,FJ,2013,0.0
Fiji,FJ,2014,0.0
Fiji,FJ,2015,0.0
Fiji,FJ,2016,0.0
Fiji,FJ,2017,0.0
Fiji,FJ,2018,1.0
Fiji,FJ,2019,0.8333333333333334
Fiji,FJ,2020,0.0
Fiji,FJ,2021,0.0
Fiji,FJ,2022,0.5833333333333334
Fiji,FJ,2023,3.9166666666666665
Fiji,FJ,2024,1.9166666666666667
Fiji,FJ,2025,2.4166666666666665
Finland,FI,2004,0.0
Finland,FI,2005,0.0
Finland,FI,2006,2.4166666666666665
Finland,FI,2007,1.5
Finland,FI,2008,0.0
Finland,FI,2009,1.0833333333333333
Finland,FI,2010,2.5833333333333335
Finland,FI,2011,4.583333333333333
Finland,FI,2012,5.0
Finland,FI,2013,3.5833333333333335
Finland,FI,2014,6.75
Finland,FI,2015,9.916666666666666
Finland,FI,2016,12.416666666666666
Finland,FI,2017,22.166666666666668
Finland,FI,2018,27.333333333333332
Finland,FI,2019,20.166666666666668
Finland,FI,2020,17.0
Finland,FI,2021,16.583333333333332
Finland,FI,2022,22.666666666666668
Finland,FI,2023,32.166666666666664
Finland,FI,2024,37.666666666666664
Finland,FI,2025,49.166666666666664
France,FR,2004,8.083333333333334
France,FR,2005,6.416666666666667
France,FR,2006,6.083333333333333
France,FR,2007,3.3333333333333335
France,FR,2008,2.9166666666666665
France,FR,2009,2.3333333333333335
France,FR,2010,2.8333333333333335
France,FR,2011,2.4166666666666665
France,FR,2012,2.4166666666666665
France,FR,2013,2.6666666666666665
France,FR,2014,3.0833333333333335
France,FR,2015,4.416666666666667
France,FR,2016,7.333333333333333
France,FR,2017,11.0
France,FR,2018,13.666666666666666
France,FR,2019,13.333333333333334
France,FR,2020,12.166666666666666
France,FR,2021,11.416666666666666
France,FR,2022,13.416666666666666
France,FR,2023,19.833333333333332
France,FR,2024,21.166666666666668
France,FR,2025,35.916666666666664
Gabon,GA,2004,0.0
Gabon,GA,2005,0.0
Gabon,GA,2006,0.0
Gabon,GA,2007,0.0
Gabon,GA,2008,0.0
Gabon,GA,2009,0.0
Gabon,GA,2010,0.0
Gabon,GA,2011,0.0
Gabon,GA,2012,0.0
Gabon,GA,2013,0.0
Gabon,GA,2014,0.0
Gabon,GA,2015,0.0
Gabon,GA,2016,0.0
Gabon,GA,2017,0.0
Gabon,GA,2018,8.333333333333334
Gabon,GA,2019,0.0
Gabon,GA,2020,0.0
Gabon,GA,2021,0.0
Gabon,GA,2022,0.0
Gabon,GA,2023,0.0
Gabon,GA,2024,0.0
Gabon,GA,2025,0.0
"Gambia, The",GM,2004,0.0
"Gambia, The",GM,2005,0.0
"Gambia, The",GM,2006,0.0
"Gambia, The",GM,2007,0.0
"Gambia, The",GM,2008,0.0
"Gambia, The",GM,2009,0.0
"Gambia, The",GM,2010,8.333333333333334
"Gambia, The",GM,2011,0.0
"Gambia, The",GM,2012,0.0
"Gambia, The",GM,2013,0.0
"Gambia, The",GM,2014,0.0
"Gambia, The",GM,2015,0.0
"Gambia, The",GM,2016,0.0
"Gambia, The",GM,2017,0.0
"Gambia, The",GM,2018,0.0
"Gambia, The",GM,2019,0.0
"Gambia, The",GM,2020,0.0
"Gambia, The",GM,2021,0.0
"Gambia, The",GM,2022,0.0
"Gambia, The",GM,2023,0.3333333333333333
"Gambia, The",GM,2024,0.0
"Gambia, The",GM,2025,0.0
Georgia,GE,2004,0.0
Georgia,GE,2005,0.0
Georgia,GE,2006,0.0
Georgia,GE,2007,0.0
Georgia,GE,2008,0.0
Georgia,GE,2009,0.0
Georgia,GE,2010,0.0
Georgia,GE,2011,0.0
Georgia,GE,2012,0.0
Georgia,GE,2013,0.0
Georgia,GE,2014,0.0
Georgia,GE,2015,0.0
Georgia,GE,2016,1.1666666666666667
Georgia,GE,2017,1.3333333333333333
Georgia,GE,2018,6.166666666666667
Georgia,GE,2019,13.833333333333334
Georgia,GE,2020,9.666666666666666
Georgia,GE,2021,12.0
Georgia,GE,2022,17.166666666666668
Georgia,GE,2023,37.416666666666664
Georgia,GE,2024,33.666666666666664
Georgia,GE,2025,39.25
Germany,DE,2004,10.166666666666666
Germany,DE,2005,7.0
Germany,DE,2006,5.75
Germany,DE,2007,4.833333333333333
Germany,DE,2008,3.75
Germany,DE,2009,3.75
Germany,DE,2010,3.75
Germany,DE,2011,3.5
Germany,DE,2012,3.1666666666666665
Germany,DE,2013,3.0
Germany,DE,2014,3.5833333333333335
Germany,DE,2015,5.083333333333333
Germany,DE,2016,8.416666666666666
Germany,DE,2017,13.5
Germany,DE,2018,16.5
Germany,DE,2019,19.416666666666668
Germany,DE,2020,16.916666666666668
Germany,DE,2021,17.083333333333332
Germany,DE,2022,18.666666666666668
Germany,DE,2023,27.416666666666668
Germany,DE,2024,30.083333333333332
Germany,DE,2025,43.5
Ghana,GH,2004,0.0
Ghana,GH,2005,0.0
Ghana,GH,2006,0.0
Ghana,GH,2007,0.0
Ghana,GH,2008,0.0
Ghana,GH,2009,0.0
Ghana,GH,2010,0.0
Ghana,GH,2011,4.666666666666667
Ghana,GH,2012,3.4166666666666665
Ghana,GH,2013,11.083333333333334
Ghana,GH,2014,7.0
Ghana,GH,2015,8.75
Ghana,GH,2016,11.75
Ghana,GH,2017,11.833333333333334
Ghana,GH,2018,24.416666666666668
Ghana,GH,2019,20.416666666666668
Ghana,GH,2020,16.916666666666668
Ghana,GH,2021,17.25
Ghana,GH,2022,28.5
Ghana,GH,2023,49.416666666666664
Ghana,GH,2024,41.166666666666664
Ghana,GH,2025,35.0
Greece,GR,2004,8.333333333333334
Greece,GR,2005,6.333333333333333
Greece,GR,2006,14.166666666666666
Greece,GR,2007,7.916666666666667
Greece,GR,2008,4.083333333333333
Greece,GR,2009,3.6666666666666665
Greece,GR,2010,4.333333333333333
Greece,GR,2011,6.333333333333333
Greece,GR,2012,6.75
Greece,GR,2013,6.0
Greece,GR,2014,5.25
Greece,GR,2015,5.666666666666667
Greece,GR,2016,7.833333333333333
Greece,GR,2017,9.333333333333334
Greece,GR,2018,11.333333333333334
Greece,GR,2019,11.5
Greece,GR,2020,11.083333333333334
Greece,GR,2021,11.666666666666666
Greece,GR,2022,14.666666666666666
Greece,GR,2023,23.5
Greece,GR,2024,24.25
Greece,GR,2025,31.5
Guatemala,GT,2004,0.0
Guatemala,GT,2005,0.0
Guatemala,GT,2006,0.0
Guatemala,GT,2007,0.0
Guatemala,GT,2008,0.0
Guatemala,GT,2009,0.0
Guatemala,GT,2010,0.0
Guatemala,GT,2011,0.0
Guatemala,GT,2012,0.0
Guatemala,GT,2013,0.0
Guatemala,GT,2014,0.0
Guatemala,GT,2015,0.0
Guatemala,GT,2016,0.0
Guatemala,GT,2017,0.0
Guatemala,GT,2018,0.0
Guatemala,GT,2019,0.0
Guatemala,GT,2020,2.8333333333333335
Guatemala,GT,2021,2.1666666666666665
Guatemala,GT,2022,6.5
Guatemala,GT,2023,28.5
Guatemala,GT,2024,14.583333333333334
Guatemala,GT,2025,36.166666666666664
Guinea,GN,2004,0.0
Guinea,GN,2005,8.333333333333334
Guinea,GN,2006,0.0
Guinea,GN,2007,0.0
Guinea,GN,2008,0.0
Guinea,GN,2009,0.0
Guinea,GN,2010,0.0
Guinea,GN,2011,0.0
Guinea,GN,2012,0.0
Guinea,GN,2013,0.0
Guinea,GN,2014,0.0
Guinea,GN,2015,0.0
Guinea,GN,2016,0.0
Guinea,GN,2017,0.0
Guinea,GN,2018,0.0
Guinea,GN,2019,0.0
Guinea,GN,2020,0.0
Guinea,GN,2021,0.0
Guinea,GN,2022,0.0
Guinea,GN,2023,0.0
Guinea,GN,2024,0.0
Guinea,GN,2025,0.0
Guinea-Bissau,GW,2004,0.0
Guinea-Bissau,GW,2005,0.0
Guinea-Bissau,GW,2006,0.0
Guinea-Bissau,GW,2007,0.0
Guinea-Bissau,GW,2008,0.0
Guinea-Bissau,GW,2009,0.0
Guinea-Bissau,GW,2010,0.0
Guinea-Bissau,GW,2011,0.0
Guinea-Bissau,GW,2012,0.0
Guinea-Bissau,GW,2013,8.333333333333334
Guinea-Bissau,GW,2014,0.0
Guinea-Bissau,GW,2015,0.0
Guinea-Bissau,GW,2016,0.0
Guinea-Bissau,GW,2017,0.0
Guinea-Bissau,GW,2018,0.0
Guinea-Bissau,GW,2019,0.0
Guinea-Bissau,GW,2020,0.0
Guinea-Bissau,GW,2021,0.0
Guinea-Bissau,GW,2022,0.0
Guinea-Bissau,GW,2023,0.0
Guinea-Bissau,GW,2024,0.0
Guinea-Bissau,GW,2025,0.0
Guyana,GY,2004,0.0
Guyana,GY,2005,0.0
Guyana,GY,2006,0.0
Guyana,GY,2007,0.0
Guyana,GY,2008,0.0
Guyana,GY,2009,0.0
Guyana,GY,2010,0.0
Guyana,GY,2011,0.0
Guyana,GY,2012,0.0
Guyana,GY,2013,0.0
Guyana,GY,2014,0.0
Guyana,GY,2015,0.0
Guyana,GY,2016,0.0
Guyana,GY,2017,0.0
Guyana,GY,2018,0.0
Guyana,GY,2019,0.0
Guyana,GY,2020,0.0
Guyana,GY,2021,0.0
Guyana,GY,2022,0.0
Guyana,GY,2023,22.0
Guyana,GY,2024,15.5
Guyana,GY,2025,3.6666666666666665
Haiti,HT,2004,0.0
Haiti,HT,2005,0.0
Haiti,HT,2006,0.0
Haiti,HT,2007,0.0
Haiti,HT,2008,0.0
Haiti,HT,2009,0.0
Haiti,HT,2010,0.0
Haiti,HT,2011,0.0
Haiti,HT,2012,0.0
Haiti,HT,2013,0.0
Haiti,HT,2014,8.333333333333334
Haiti,HT,2015,0.0
Haiti,HT,2016,0.0
Haiti,HT,2017,0.0
Haiti,HT,2018,0.0
Haiti,HT,2019,0.0
Haiti,HT,2020,0.0
Haiti,HT,2021,0.0
Haiti,HT,2022,1.75
Haiti,HT,2023,0.0
Haiti,HT,2024,0.0
Haiti,HT,2025,0.0
Honduras,HN,2004,0.0
Honduras,HN,2005,0.0
Honduras,HN,2006,0.0
Honduras,HN,2007,0.0
Honduras,HN,2008,0.0
Honduras,HN,2009,0.0
Honduras,HN,2010,0.0
Honduras,HN,2011,0.0
Honduras,HN,2012,0.0
Honduras,HN,2013,0.0
Honduras,HN,2014,0.0
Honduras,HN,2015,0.0
Honduras,HN,2016,0.0
Honduras,HN,2017,5.25
Honduras,HN,2018,0.0
Honduras,HN,2019,0.0
Honduras,HN,2020,0.0
Honduras,HN,2021,3.9166666666666665
Honduras,HN,2022,0.0
Honduras,HN,2023,12.833333333333334
Honduras,HN,2024,12.833333333333334
Honduras,HN,2025,24.583333333333332
Hong Kong SAR,HK,2004,14.166666666666666
Hong Kong SAR,HK,2005,0.0
Hong Kong SAR,HK,2006,0.0
Hong Kong SAR,HK,2007,1.9166666666666667
Hong Kong SAR,HK,2008,1.5
Hong Kong SAR,HK,2009,3.75
Hong Kong SAR,HK,2010,2.5833333333333335
Hong Kong SAR,HK,2011,4.25
Hong Kong SAR,HK,2012,6.0
Hong Kong SAR,HK,2013,5.666666666666667
Hong Kong SAR,HK,2014,6.75
Hong Kong SAR,HK,2015,7.416666666666667
Hong Kong SAR,HK,2016,13.333333333333334
Hong Kong SAR,HK,2017,25.083333333333332
Hong Kong SAR,HK,2018,26.25
Hong Kong SAR,HK,2019,20.833333333333332
Hong Kong SAR,HK,2020,20.916666666666668
Hong Kong SAR,HK,2021,21.083333333333332
Hong Kong SAR,HK,2022,23.416666666666668
Hong Kong SAR,HK,2023,31.5
Hong Kong SAR,HK,2024,37.916666666666664
Hong Kong SAR,HK,2025,42.916666666666664
Hungary,HU,2004,0.0
Hungary,HU,2005,0.0
Hungary,HU,2006,0.0
Hungary,HU,2007,5.416666666666667
Hungary,HU,2008,3.6666666666666665
Hungary,HU,2009,0.0
Hungary,HU,2010,0.0
Hungary,HU,2011,1.6666666666666667
Hungary,HU,2012,1.4166666666666667
Hungary,HU,2013,1.6666666666666667
Hungary,HU,2014,2.0833333333333335
Hungary,HU,2015,6.666666666666667
Hungary,HU,2016,7.0
Hungary,HU,2017,11.75
Hungary,HU,2018,13.833333333333334
Hungary,HU,2019,12.583333333333334
Hungary,HU,2020,12.916666666666666
Hungary,HU,2021,11.75
Hungary,HU,2022,16.666666666666668
Hungary,HU,2023,24.166666666666668
Hungary,HU,2024,24.333333333333332
Hungary,HU,2025,39.75
Iceland,IS,2004,0.0
Iceland,IS,2005,0.0
Iceland,IS,2006,0.0
Iceland,IS,2007,0.0
Iceland,IS,2008,0.0
Iceland,IS,2009,0.0
Iceland,IS,2010,0.0
Iceland,IS,2011,0.0
Iceland,IS,2012,0.0
Iceland,IS,2013,0.0
Iceland,IS,2014,14.0
Iceland,IS,2015,11.583333333333334
Iceland,IS,2016,0.0
Iceland,IS,2017,6.083333333333333
Iceland,IS,2018,0.0
Iceland,IS,2019,0.0
Iceland,IS,2020,4.833333333333333
Iceland,IS,2021,0.0
Iceland,IS,2022,3.9166666666666665
Iceland,IS,2023,14.583333333333334
Iceland,IS,2024,9.833333333333334
Iceland,IS,2025,25.0
India,IN,2004,69.08333333333333
India,IN,2005,47.083333333333336
India,IN,2006,36.833333333333336
India,IN,2007,26.666666666666668
India,IN,2008,21.5
India,IN,2009,22.5
India,IN,2010,19.916666666666668
India,IN,2011,16.833333333333332
India,IN,2012,13.166666666666666
India,IN,2013,11.416666666666666
India,IN,2014,9.166666666666666
India,IN,2015,9.416666666666666
India,IN,2016,9.25
India,IN,2017,12.5
India,IN,2018,14.083333333333334
India,IN,2019,15.833333333333334
India,IN,2020,16.25
India,IN,2021,18.583333333333332
India,IN,2022,24.416666666666668
India,IN,2023,29.666666666666668
India,IN,2024,26.083333333333332
India,IN,2025,24.75
Indonesia,ID,2004,8.333333333333334
Indonesia,ID,2005,0.0
Indonesia,ID,2006,4.333333333333333
Indonesia,ID,2007,3.4166666666666665
Indonesia,ID,2008,3.3333333333333335
Indonesia,ID,2009,3.4166666666666665
Indonesia,ID,2010,3.0833333333333335
Indonesia,ID,2011,2.6666666666666665
Indonesia,ID,2012,2.5833333333333335
Indonesia,ID,2013,2.3333333333333335
Indonesia,ID,2014,1.9166666666666667
Indonesia,ID,2015,1.9166666666666667
Indonesia,ID,2016,1.75
Indonesia,ID,2017,2.3333333333333335
Indonesia,ID,2018,3.25
Indonesia,ID,2019,5.333333333333333
Indonesia,ID,2020,5.166666666666667
Indonesia,ID,2021,4.75
Indonesia,ID,2022,6.75
Indonesia,ID,2023,9.416666666666666
Indonesia,ID,2024,8.666666666666666
Indonesia,ID,2025,9.666666666666666
Iran,IR,2004,0.0
Iran,IR,2005,25.25
Iran,IR,2006,11.75
Iran,IR,2007,17.333333333333332
Iran,IR,2008,18.75
Iran,IR,2009,19.583333333333332
Iran,IR,2010,17.75
Iran,IR,2011,14.083333333333334
Iran,IR,2012,10.0
Iran,IR,2013,7.333333333333333
Iran,IR,2014,6.416666666666667
Iran,IR,2015,6.5
Iran,IR,2016,5.5
Iran,IR,2017,5.333333333333333
Iran,IR,2018,5.083333333333333
Iran,IR,2019,5.083333333333333
Iran,IR,2020,4.0
Iran,IR,2021,3.5833333333333335
Iran,IR,2022,6.416666666666667
Iran,IR,2023,12.083333333333334
Iran,IR,2024,13.333333333333334
Iran,IR,2025,12.416666666666666
Iraq,IQ,2004,0.0
Iraq,IQ,2005,0.0
Iraq,IQ,2006,0.0
Iraq,IQ,2007,0.0
Iraq,IQ,2008,0.0
Iraq,IQ,2009,0.0
Iraq,IQ,2010,0.0
Iraq,IQ,2011,0.0
Iraq,IQ,2012,1.9166666666666667
Iraq,IQ,2013,1.4166666666666667
Iraq,IQ,2014,2.5833333333333335
Iraq,IQ,2015,2.0
Iraq,IQ,2016,5.166666666666667
Iraq,IQ,2017,3.25
Iraq,IQ,2018,9.25
Iraq,IQ,2019,12.5
Iraq,IQ,2020,13.5
Iraq,IQ,2021,12.083333333333334
Iraq,IQ,2022,20.583333333333332
Iraq,IQ,2023,35.5
Iraq,IQ,2024,40.0
Iraq,IQ,2025,53.833333333333336
Ireland,IE,2004,8.333333333333334
Ireland,IE,2005,3.0833333333333335
Ireland,IE,2006,0.0
Ireland,IE,2007,0.0
Ireland,IE,2008,0.0
Ireland,IE,2009,1.0833333333333333
Ireland,IE,2010,0.9166666666666666
Ireland,IE,2011,2.25
Ireland,IE,2012,2.6666666666666665
Ireland,IE,2013,2.75
Ireland,IE,2014,3.1666666666666665
Ireland,IE,2015,5.25
Ireland,IE,2016,5.583333333333333
Ireland,IE,2017,9.583333333333334
Ireland,IE,2018,11.75
Ireland,IE,2019,11.583333333333334
Ireland,IE,2020,9.5
Ireland,IE,2021,8.916666666666666
Ireland,IE,2022,10.75
Ireland,IE,2023,19.666666666666668
Ireland,IE,2024,18.0
Ireland,IE,2025,22.75
Israel,IL,2004,13.333333333333334
Israel,IL,2005,3.6666666666666665
Israel,IL,2006,0.0
Israel,IL,2007,0.0
Israel,IL,2008,0.0
Israel,IL,2009,1.0833333333333333
Israel,IL,2010,1.5
Israel,IL,2011,1.25
Israel,IL,2012,3.9166666666666665
Israel,IL,2013,3.9166666666666665
Israel,IL,2014,3.6666666666666665
Israel,IL,2015,5.25
Israel,IL,2016,6.416666666666667
Israel,IL,2017,9.916666666666666
Israel,IL,2018,10.25
Israel,IL,2019,9.5
Israel,IL,2020,8.916666666666666
Israel,IL,2021,8.5
Israel,IL,2022,10.666666666666666
Israel,IL,2023,19.083333333333332
Israel,IL,2024,17.0
Israel,IL,2025,32.333333333333336
Italy,IT,2004,12.416666666666666
Italy,IT,2005,7.0
Italy,IT,2006,26.416666666666668
Italy,IT,2007,9.333333333333334
Italy,IT,2008,4.916666666666667
Italy,IT,2009,3.75
Italy,IT,2010,3.5833333333333335
Italy,IT,2011,2.6666666666666665
Italy,IT,2012,4.166666666666667
Italy,IT,2013,2.4166666666666665
Italy,IT,2014,2.6666666666666665
Italy,IT,2015,3.4166666666666665
Italy,IT,2016,4.833333333333333
Italy,IT,2017,7.416666666666667
Italy,IT,2018,9.5
Italy,IT,2019,11.25
Italy,IT,2020,11.333333333333334
Italy,IT,2021,12.416666666666666
Italy,IT,2022,16.166666666666668
Italy,IT,2023,26.833333333333332
Italy,IT,2024,33.666666666666664
Italy,IT,2025,42.416666666666664
Jamaica,JM,2004,0.0
Jamaica,JM,2005,0.0
Jamaica,JM,2006,0.0
Jamaica,JM,2007,0.0
Jamaica,JM,2008,7.916666666666667
Jamaica,JM,2009,8.333333333333334
Jamaica,JM,2010,0.0
Jamaica,JM,2011,0.0
Jamaica,JM,2012,0.0
Jamaica,JM,2013,2.25
Jamaica,JM,2014,0.0
Jamaica,JM,2015,0.0
Jamaica,JM,2016,4.083333333333333
Jamaica,JM,2017,4.916666666666667
Jamaica,JM,2018,9.833333333333334
Jamaica,JM,2019,9.083333333333334
Jamaica,JM,2020,12.333333333333334
Jamaica,JM,2021,9.416666666666666
Jamaica,JM,2022,14.75
Jamaica,JM,2023,26.0
Jamaica,JM,2024,23.583333333333332
Jamaica,JM,2025,21.666666666666668
Japan,JP,2004,0.0
Japan,JP,2005,1.5
Japan,JP,2006,1.1666666666666667
Japan,JP,2007,1.1666666666666667
Japan,JP,2008,3.8333333333333335
Japan,JP,2009,3.75
Japan,JP,2010,4.333333333333333
Japan,JP,2011,2.0833333333333335
Japan,JP,2012,2.0
Japan,JP,2013,1.5833333333333333
Japan,JP,2014,2.0
Japan,JP,2015,3.0
Japan,JP,2016,5.166666666666667
Japan,JP,2017,6.5
Japan,JP,2018,6.583333333333333
Japan,JP,2019,6.166666666666667
Japan,JP,2020,5.25
Japan,JP,2021,4.833333333333333
Japan,JP,2022,5.416666666666667
Japan,JP,2023,7.833333333333333
Japan,JP,2024,9.5
Japan,JP,2025,25.166666666666668
Jordan,JO,2004,0.0
Jordan,JO,2005,0.0
Jordan,JO,2006,0.0
Jordan,JO,2007,0.0
Jordan,JO,2008,0.0
Jordan,JO,2009,0.0
Jordan,JO,2010,6.416666666666667
Jordan,JO,2011,5.416666666666667
Jordan,JO,2012,2.75
Jordan,JO,2013,5.333333333333333
Jordan,JO,2014,4.833333333333333
Jordan,JO,2015,7.083333333333333
Jordan,JO,2016,5.833333333333333
Jordan,JO,2017,8.083333333333334
Jordan,JO,2018,13.166666666666666
Jordan,JO,2019,19.833333333333332
Jordan,JO,2020,19.583333333333332
Jordan,JO,2021,17.583333333333332
Jordan,JO,2022,28.166666666666668
Jordan,JO,2023,35.75
Jordan,JO,2024,33.916666666666664
Jordan,JO,2025,49.166666666666664
Kazakhstan,KZ,2004,0.0
Kazakhstan,KZ,2005,0.0
Kazakhstan,KZ,2006,0.0
Kazakhstan,KZ,2007,0.0
Kazakhstan,KZ,2008,0.0
Kazakhstan,KZ,2009,0.0
Kazakhstan,KZ,2010,0.0
Kazakhstan,KZ,2011,0.0
Kazakhstan,KZ,2012,0.0
Kazakhstan,KZ,2013,1.0833333333333333
Kazakhstan,KZ,2014,0.9166666666666666
Kazakhstan,KZ,2015,1.5833333333333333
Kazakhstan,KZ,2016,2.0
Kazakhstan,KZ,2017,3.75
Kazakhstan,KZ,2018,7.583333333333333
Kazakhstan,KZ,2019,8.916666666666666
Kazakhstan,KZ,2020,7.75
Kazakhstan,KZ,2021,8.25
Kazakhstan,KZ,2022,10.5
Kazakhstan,KZ,2023,14.583333333333334
Kazakhstan,KZ,2024,18.083333333333332
Kazakhstan,KZ,2025,34.25
Kenya,KE,2004,0.0
Kenya,KE,2005,0.0
Kenya,KE,2006,0.0
Kenya,KE,2007,8.333333333333334
Kenya,KE,2008,10.25
Kenya,KE,2009,10.583333333333334
Kenya,KE,2010,12.666666666666666
Kenya,KE,2011,16.583333333333332
Kenya,KE,2012,13.583333333333334
Kenya,KE,2013,10.916666666666666
Kenya,KE,2014,9.5
Kenya,KE,2015,8.083333333333334
Kenya,KE,2016,7.666666666666667
Kenya,KE,2017,7.75
Kenya,KE,2018,11.916666666666666
Kenya,KE,2019,12.0
Kenya,KE,2020,11.583333333333334
Kenya,KE,2021,12.916666666666666
Kenya,KE,2022,18.75
Kenya,KE,2023,22.166666666666668
Kenya,KE,2024,21.666666666666668
Kenya,KE,2025,20.666666666666668
"Korea, Republic of",KR,2004,4.083333333333333
"Korea, Republic of",KR,2005,3.1666666666666665
"Korea, Republic of",KR,2006,0.0
"Korea, Republic of",KR,2007,1.3333333333333333
"Korea, Republic of",KR,2008,3.1666666666666665
"Korea, Republic of",KR,2009,4.583333333333333
"Korea, Republic of",KR,2010,1.75
"Korea, Republic of",KR,2011,3.4166666666666665
"Korea, Republic of",KR,2012,2.1666666666666665
"Korea, Republic of",KR,2013,2.6666666666666665
"Korea, Republic of",KR,2014,3.4166666666666665
"Korea, Republic of",KR,2015,4.166666666666667
"Korea, Republic of",KR,2016,9.75
"Korea, Republic of",KR,2017,10.583333333333334
"Korea, Republic of",KR,2018,8.5
"Korea, Republic of",KR,2019,8.916666666666666
"Korea, Republic of",KR,2020,8.666666666666666
"Korea, Republic of",KR,2021,8.25
"Korea, Republic of",KR,2022,8.416666666666666
"Korea, Republic of",KR,2023,19.666666666666668
"Korea, Republic of",KR,2024,23.666666666666668
"Korea, Republic of",KR,2025,30.333333333333332
Kuwait,KW,2004,0.0
Kuwait,KW,2005,0.0
Kuwait,KW,2006,0.0
Kuwait,KW,2007,0.0
Kuwait,KW,2008,0.0
Kuwait,KW,2009,0.0
Kuwait,KW,2010,0.0
Kuwait,KW,2011,0.0
Kuwait,KW,2012,0.0
Kuwait,KW,2013,1.75
Kuwait,KW,2014,0.0
Kuwait,KW,2015,1.1666666666666667
Kuwait,KW,2016,1.25
Kuwait,KW,2017,5.583333333333333
Kuwait,KW,2018,12.833333333333334
Kuwait,KW,2019,18.75
Kuwait,KW,2020,24.166666666666668
Kuwait,KW,2021,21.75
Kuwait,KW,2022,27.083333333333332
Kuwait,KW,2023,47.166666666666664
Kuwait,KW,2024,39.25
Kuwait,KW,2025,43.666666666666664
Kyrgyz Republic,KG,2004,0.0
Kyrgyz Republic,KG,2005,0.0
Kyrgyz Republic,KG,2006,0.0
Kyrgyz Republic,KG,2007,0.0
Kyrgyz Republic,KG,2008,0.0
Kyrgyz Republic,KG,2009,0.0
Kyrgyz Republic,KG,2010,0.0
Kyrgyz Republic,KG,2011,0.0
Kyrgyz Republic,KG,2012,0.0
Kyrgyz Republic,KG,2013,0.0
Kyrgyz Republic,KG,2014,0.0
Kyrgyz Republic,KG,2015,5.083333333333333
Kyrgyz Republic,KG,2016,0.0
Kyrgyz Republic,KG,2017,0.0
Kyrgyz Republic,KG,2018,0.0
Kyrgyz Republic,KG,2019,0.0
Kyrgyz Republic,KG,2020,2.0833333333333335
Kyrgyz Republic,KG,2021,0.0
Kyrgyz Republic,KG,2022,4.75
Kyrgyz Republic,KG,2023,1.75
Kyrgyz Republic,KG,2024,2.4166666666666665
Kyrgyz Republic,KG,2025,14.916666666666666
Lao P.D.R.,LA,2004,0.0
Lao P.D.R.,LA,2005,8.333333333333334
Lao P.D.R.,LA,2006,0.0
Lao P.D.R.,LA,2007,0.0
Lao P.D.R.,LA,2008,0.0
Lao P.D.R.,LA,2009,0.0
Lao P.D.R.,LA,2010,0.0
Lao P.D.R.,LA,2011,0.0
Lao P.D.R.,LA,2012,0.0
Lao P.D.R.,LA,2013,0.0
Lao P.D.R.,LA,2014,0.0
Lao P.D.R.,LA,2015,0.0
Lao P.D.R.,LA,2016,0.0
Lao P.D.R.,LA,2017,0.0
Lao P.D.R.,LA,2018,0.0
Lao P.D.R.,LA,2019,0.0
Lao P.D.R.,LA,2020,0.0
Lao P.D.R.,LA,2021,0.0
Lao P.D.R.,LA,2022,0.0
Lao P.D.R.,LA,2023,0.0
Lao P.D.R.,LA,2024,0.0
Lao P.D.R.,LA,2025,0.0
Latvia,LV,2004,0.0
Latvia,LV,2005,0.0
Latvia,LV,2006,0.0
Latvia,LV,2007,0.0
Latvia,LV,2008,5.75
Latvia,LV,2009,0.0
Latvia,LV,2010,0.0
Latvia,LV,2011,0.0
Latvia,LV,2012,0.0
Latvia,LV,2013,0.0
Latvia,LV,2014,0.0
Latvia,LV,2015,1.5833333333333333
Latvia,LV,2016,0.0
Latvia,LV,2017,5.083333333333333
Latvia,LV,2018,4.833333333333333
Latvia,LV,2019,5.5
Latvia,LV,2020,5.0
Latvia,LV,2021,10.583333333333334
Latvia,LV,2022,14.916666666666666
Latvia,LV,2023,32.833333333333336
Latvia,LV,2024,34.666666666666664
Latvia,LV,2025,40.416666666666664
Lebanon,LB,2004,0.0
Lebanon,LB,2005,0.0
Lebanon,LB,2006,0.0
Lebanon,LB,2007,0.0
Lebanon,LB,2008,0.0
Lebanon,LB,2009,0.0
Lebanon,LB,2010,0.0
Lebanon,LB,2011,4.583333333333333
Lebanon,LB,2012,0.0
Lebanon,LB,2013,4.166666666666667
Lebanon,LB,2014,1.5
Lebanon,LB,2015,8.25
Lebanon,LB,2016,11.75
Lebanon,LB,2017,23.333333333333332
Lebanon,LB,2018,31.666666666666668
Lebanon,LB,2019,35.75
Lebanon,LB,2020,35.0
Lebanon,LB,2021,37.666666666666664
Lebanon,LB,2022,49.833333333333336
Lebanon,LB,2023,73.66666666666667
Lebanon,LB,2024,49.583333333333336
Lebanon,LB,2025,55.333333333333336
Lesotho,LS,2004,0.0
Lesotho,LS,2005,0.0
Lesotho,LS,2006,0.0
Lesotho,LS,2007,0.0
Lesotho,LS,2008,0.0
Lesotho,LS,2009,0.0
Lesotho,LS,2010,0.0
Lesotho,LS,2011,0.0
Lesotho,LS,2012,0.0
Lesotho,LS,2013,0.0
Lesotho,LS,2014,0.0
Lesotho,LS,2015,0.0
Lesotho,LS,2016,0.0
Lesotho,LS,2017,0.0
Lesotho,LS,2018,0.0
Lesotho,LS,2019,0.0
Lesotho,LS,2020,0.0
Lesotho,LS,2021,0.0
Lesotho,LS,2022,0.0
Lesotho,LS,2023,11.833333333333334
Lesotho,LS,2024,32.166666666666664
Lesotho,LS,2025,11.416666666666666
Liberia,LR,2004,0.0
Liberia,LR,2005,0.0
Liberia,LR,2006,0.0
Liberia,LR,2007,0.0
Liberia,LR,2008,0.0
Liberia,LR,2009,0.0
Liberia,LR,2010,0.0
Liberia,LR,2011,0.0
Liberia,LR,2012,0.0
Liberia,LR,2013,0.0
Liberia,LR,2014,0.0
Liberia,LR,2015,0.0
Liberia,LR,2016,0.0
Liberia,LR,2017,0.0
Liberia,LR,2018,0.0
Liberia,LR,2019,0.0
Liberia,LR,2020,0.0
Liberia,LR,2021,0.0
Liberia,LR,2022,0.0
Liberia,LR,2023,14.666666666666666
Liberia,LR,2024,6.333333333333333
Liberia,LR,2025,0.0
Libya,LY,2004,0.0
Libya,LY,2005,0.0
Libya,LY,2006,0.0
Libya,LY,2007,0.0
Libya,LY,2008,0.0
Libya,LY,2009,0.0
Libya,LY,2010,0.0
Libya,LY,2011,0.0
Libya,LY,2012,0.0
Libya,LY,2013,0.0
Libya,LY,2014,0.0
Libya,LY,2015,0.0
Libya,LY,2016,0.0
Libya,LY,2017,0.0
Libya,LY,2018,0.0
Libya,LY,2019,4.0
Libya,LY,2020,0.0
Libya,LY,2021,5.0
Libya,LY,2022,3.1666666666666665
Libya,LY,2023,28.5
Libya,LY,2024,35.166666666666664
Libya,LY,2025,44.583333333333336
Lithuania,LT,2004,8.333333333333334
Lithuania,LT,2005,0.0
Lithuania,LT,2006,0.0
Lithuania,LT,2007,0.0
Lithuania,LT,2008,0.0
Lithuania,LT,2009,0.0
Lithuania,LT,2010,0.0
Lithuania,LT,2011,0.4166666666666667
Lithuania,LT,2012,0.4166666666666667
Lithuania,LT,2013,0.3333333333333333
Lithuania,LT,2014,1.0
Lithuania,LT,2015,1.5
Lithuania,LT,2016,2.3333333333333335
Lithuania,LT,2017,3.9166666666666665
Lithuania,LT,2018,5.416666666666667
Lithuania,LT,2019,5.166666666666667
Lithuania,LT,2020,5.75
Lithuania,LT,2021,5.166666666666667
Lithuania,LT,2022,7.5
Lithuania,LT,2023,12.5
Lithuania,LT,2024,10.583333333333334
Lithuania,LT,2025,15.25
Luxembourg,LU,2004,0.0
Luxembourg,LU,2005,0.0
Luxembourg,LU,2006,0.0
Luxembourg,LU,2007,0.0
Luxembourg,LU,2008,0.0
Luxembourg,LU,2009,0.0
Luxembourg,LU,2010,0.0
Luxembourg,LU,2011,0.0
Luxembourg,LU,2012,0.0
Luxembourg,LU,2013,0.0
Luxembourg,LU,2014,0.0
Luxembourg,LU,2015,0.0
Luxembourg,LU,2016,0.0
Luxembourg,LU,2017,5.583333333333333
Luxembourg,LU,2018,2.6666666666666665
Luxembourg,LU,2019,16.75
Luxembourg,LU,2020,21.416666666666668
Luxembourg,LU,2021,14.25
Luxembourg,LU,2022,20.166666666666668
Luxembourg,LU,2023,48.333333333333336
Luxembourg,LU,2024,43.166666666666664
Luxembourg,LU,2025,41.5
Madagascar,MG,2004,0.0
Madagascar,MG,2005,0.0
Madagascar,MG,2006,0.0
Madagascar,MG,2007,0.0
Madagascar,MG,2008,0.0
Madagascar,MG,2009,0.0
Madagascar,MG,2010,0.0
Madagascar,MG,2011,0.0
Madagascar,MG,2012,0.0
Madagascar,MG,2013,0.0
Madagascar,MG,2014,0.0
Madagascar,MG,2015,0.0
Madagascar,MG,2016,0.0
Madagascar,MG,2017,0.0
Madagascar,MG,2018,8.333333333333334
Madagascar,MG,2019,0.0
Madagascar,MG,2020,0.0
Madagascar,MG,2021,0.0
Madagascar,MG,2022,0.0
Madagascar,MG,2023,4.833333333333333
Madagascar,MG,2024,5.416666666666667
Madagascar,MG,2025,8.583333333333334
Malawi,MW,2004,0.0
Malawi,MW,2005,0.0
Malawi,MW,2006,0.0
Malawi,MW,2007,0.0
Malawi,MW,2008,0.0
Malawi,MW,2009,0.0
Malawi,MW,2010,8.333333333333334
Malawi,MW,2011,0.0
Malawi,MW,2012,0.0
Malawi,MW,2013,0.0
Malawi,MW,2014,0.0
Malawi,MW,2015,0.0
Malawi,MW,2016,0.0
Malawi,MW,2017,0.0
Malawi,MW,2018,0.0
Malawi,MW,2019,0.0
Malawi,MW,2020,0.25
Malawi,MW,2021,0.0
Malawi,MW,2022,0.5833333333333334
Malawi,MW,2023,2.0833333333333335
Malawi,MW,2024,1.5833333333333333
Malawi,MW,2025,1.9166666666666667
Malaysia,MY,2004,40.083333333333336
Malaysia,MY,2005,17.166666666666668
Malaysia,MY,2006,13.166666666666666
Malaysia,MY,2007,6.416666666666667
Malaysia,MY,2008,9.166666666666666
Malaysia,MY,2009,7.833333333333333
Malaysia,MY,2010,7.083333333333333
Malaysia,MY,2011,6.333333333333333
Malaysia,MY,2012,5.0
Malaysia,MY,2013,4.5
Malaysia,MY,2014,4.583333333333333
Malaysia,MY,2015,5.0
Malaysia,MY,2016,5.083333333333333
Malaysia,MY,2017,7.416666666666667
Malaysia,MY,2018,10.0
Malaysia,MY,2019,11.25
Malaysia,MY,2020,11.083333333333334
Malaysia,MY,2021,9.75
Malaysia,MY,2022,10.0
Malaysia,MY,2023,14.0
Malaysia,MY,2024,16.833333333333332
Malaysia,MY,2025,16.5
Malta,MT,2004,0.0
Malta,MT,2005,0.0
Malta,MT,2006,0.0
Malta,MT,2007,0.0
Malta,MT,2008,0.0
Malta,MT,2009,0.0
Malta,MT,2010,0.0
Malta,MT,2011,0.0
Malta,MT,2012,0.0
Malta,MT,2013,0.0
Malta,MT,2014,0.0
Malta,MT,2015,0.0
Malta,MT,2016,0.0
Malta,MT,2017,0.0
Malta,MT,2018,10.416666666666666
Malta,MT,2019,5.833333333333333
Malta,MT,2020,0.0
Malta,MT,2021,4.75
Malta,MT,2022,0.0
Malta,MT,2023,23.75
Malta,MT,2024,15.916666666666666
Malta,MT,2025,32.5
Mauritania,MR,2004,0.0
Mauritania,MR,2005,0.0
Mauritania,MR,2006,0.0
Mauritania,MR,2007,0.0
Mauritania,MR,2008,0.0
Mauritania,MR,2009,0.0
Mauritania,MR,2010,0.0
Mauritania,MR,2011,0.0
Mauritania,MR,2012,0.0
Mauritania,MR,2013,0.0
Mauritania,MR,2014,0.0
Mauritania,MR,2015,0.0
Mauritania,MR,2016,0.0
Mauritania,MR,2017,0.0
Mauritania,MR,2018,0.0
Mauritania,MR,2019,0.0
Mauritania,MR,2020,0.0
Mauritania,MR,2021,0.0
Mauritania,MR,2022,0.0
Mauritania,MR,2023,0.0
Mauritania,MR,2024,8.333333333333334
Mauritania,MR,2025,16.583333333333332
Mauritius,MU,2004,8.333333333333334
Mauritius,MU,2005,0.0
Mauritius,MU,2006,0.0
Mauritius,MU,2007,0.0
Mauritius,MU,2008,0.0
Mauritius,MU,2009,0.0
Mauritius,MU,2010,0.0
Mauritius,MU,2011,0.0
Mauritius,MU,2012,0.0
Mauritius,MU,2013,0.0
Mauritius,MU,2014,0.08333333333333333
Mauritius,MU,2015,0.0
Mauritius,MU,2016,0.16666666666666666
Mauritius,MU,2017,0.08333333333333333
Mauritius,MU,2018,1.4166666666666667
Mauritius,MU,2019,1.75
Mauritius,MU,2020,0.9166666666666666
Mauritius,MU,2021,1.1666666666666667
Mauritius,MU,2022,1.3333333333333333
Mauritius,MU,2023,1.75
Mauritius,MU,2024,1.5
Mauritius,MU,2025,1.3333333333333333
Mexico,MX,2004,16.833333333333332
Mexico,MX,2005,11.333333333333334
Mexico,MX,2006,16.75
Mexico,MX,2007,8.083333333333334
Mexico,MX,2008,8.833333333333334
Mexico,MX,2009,8.083333333333334
Mexico,MX,2010,5.333333333333333
Mexico,MX,2011,7.666666666666667
Mexico,MX,2012,7.0
Mexico,MX,2013,5.666666666666667
Mexico,MX,2014,6.583333333333333
Mexico,MX,2015,8.083333333333334
Mexico,MX,2016,8.083333333333334
Mexico,MX,2017,12.833333333333334
Mexico,MX,2018,13.666666666666666
Mexico,MX,2019,15.083333333333334
Mexico,MX,2020,12.916666666666666
Mexico,MX,2021,10.083333333333334
Mexico,MX,2022,13.916666666666666
Mexico,MX,2023,25.666666666666668
Mexico,MX,2024,26.0
Mexico,MX,2025,44.416666666666664
Moldova,MD,2004,8.333333333333334
Moldova,MD,2005,0.0
Moldova,MD,2006,0.0
Moldova,MD,2007,0.0
Moldova,MD,2008,0.0
Moldova,MD,2009,0.0
Moldova,MD,2010,0.0
Moldova,MD,2011,0.0
Moldova,MD,2012,0.0
Moldova,MD,2013,0.0
Moldova,MD,2014,0.0
Moldova,MD,2015,0.0
Moldova,MD,2016,0.0
Moldova,MD,2017,0.0
Moldova,MD,2018,0.08333333333333333
Moldova,MD,2019,0.0
Moldova,MD,2020,0.08333333333333333
Moldova,MD,2021,0.08333333333333333
Moldova,MD,2022,0.25
Moldova,MD,2023,0.4166666666666667
Moldova,MD,2024,0.25
Moldova,MD,2025,0.6666666666666666
Mongolia,MN,2004,0.0
Mongolia,MN,2005,0.0
Mongolia,MN,2006,0.0
Mongolia,MN,2007,0.0
Mongolia,MN,2008,0.0
Mongolia,MN,2009,8.333333333333334
Mongolia,MN,2010,0.0
Mongolia,MN,2011,0.0
Mongolia,MN,2012,0.0
Mongolia,MN,2013,0.0
Mongolia,MN,2014,0.0
Mongolia,MN,2015,0.0
Mongolia,MN,2016,0.0
Mongolia,MN,2017,0.0
Mongolia,MN,2018,0.9166666666666666
Mongolia,MN,2019,1.5833333333333333
Mongolia,MN,2020,1.0
Mongolia,MN,2021,0.5
Mongolia,MN,2022,3.25
Mongolia,MN,2023,4.916666666666667
Mongolia,MN,2024,3.9166666666666665
Mongolia,MN,2025,6.0
Montenegro,ME,2004,0.0
Montenegro,ME,2005,0.0
Montenegro,ME,2006,0.0
Montenegro,ME,2007,0.0
Montenegro,ME,2008,0.0
Montenegro,ME,2009,0.0
Montenegro,ME,2010,8.333333333333334
Montenegro,ME,2011,0.9166666666666666
Montenegro,ME,2012,0.0
Montenegro,ME,2013,0.0
Montenegro,ME,2014,0.0
Montenegro,ME,2015,0.0
Montenegro,ME,2016,0.0
Montenegro,ME,2017,0.0
Montenegro,ME,2018,0.4166666666666667
Montenegro,ME,2019,0.0
Montenegro,ME,2020,0.0
Montenegro,ME,2021,0.0
Montenegro,ME,2022,0.0
Montenegro,ME,2023,0.0
Montenegro,ME,2024,0.0
Montenegro,ME,2025,0.8333333333333334
Morocco,MA,2004,0.0
Morocco,MA,2005,0.0
Morocco,MA,2006,0.0
Morocco,MA,2007,0.0
Morocco,MA,2008,0.0
Morocco,MA,2009,0.0
Morocco,MA,2010,0.0
Morocco,MA,2011,1.25
Morocco,MA,2012,0.0
Morocco,MA,2013,0.0
Morocco,MA,2014,1.4166666666666667
Morocco,MA,2015,2.5
Morocco,MA,2016,5.083333333333333
Morocco,MA,2017,8.583333333333334
Morocco,MA,2018,14.166666666666666
Morocco,MA,2019,22.416666666666668
Morocco,MA,2020,21.916666666666668
Morocco,MA,2021,25.0
Morocco,MA,2022,35.833333333333336
Morocco,MA,2023,53.666666666666664
Morocco,MA,2024,49.083333333333336
Morocco,MA,2025,59.5
Mozambique,MZ,2004,0.0
Mozambique,MZ,2005,0.0
Mozambique,MZ,2006,0.0
Mozambique,MZ,2007,0.0
Mozambique,MZ,2008,0.0
Mozambique,MZ,2009,0.0
Mozambique,MZ,2010,0.0
Mozambique,MZ,2011,0.0
Mozambique,MZ,2012,0.0
Mozambique,MZ,2013,0.0
Mozambique,MZ,2014,0.0
Mozambique,MZ,2015,0.0
Mozambique,MZ,2016,0.0
Mozambique,MZ,2017,0.0
Mozambique,MZ,2018,0.0
Mozambique,MZ,2019,0.0
Mozambique,MZ,2020,0.0
Mozambique,MZ,2021,0.0
Mozambique,MZ,2022,1.5
Mozambique,MZ,2023,3.0833333333333335
Mozambique,MZ,2024,49.583333333333336
Mozambique,MZ,2025,4.666666666666667
Myanmar,MM,2004,0.0
Myanmar,MM,2005,0.0
Myanmar,MM,2006,0.0
Myanmar,MM,2007,0.0
Myanmar,MM,2008,0.0
Myanmar,MM,2009,0.0
Myanmar,MM,2010,0.0
Myanmar,MM,2011,0.0
Myanmar,MM,2012,0.0
Myanmar,MM,2013,5.916666666666667
Myanmar,MM,2014,0.0
Myanmar,MM,2015,6.416666666666667
Myanmar,MM,2016,16.0
Myanmar,MM,2017,22.5
Myanmar,MM,2018,47.25
Myanmar,MM,2019,59.583333333333336
Myanmar,MM,2020,47.25
Myanmar,MM,2021,15.583333333333334
Myanmar,MM,2022,41.833333333333336
Myanmar,MM,2023,67.83333333333333
Myanmar,MM,2024,47.833333333333336
Myanmar,MM,2025,50.416666666666664
Namibia,NA,2004,0.0
Namibia,NA,2005,0.0
Namibia,NA,2006,0.0
Namibia,NA,2007,0.0
Namibia,NA,2008,0.0
Namibia,NA,2009,0.0
Namibia,NA,2010,0.0
Namibia,NA,2011,0.0
Namibia,NA,2012,0.0
Namibia,NA,2013,0.0
Namibia,NA,2014,0.0
Namibia,NA,2015,0.0
Namibia,NA,2016,0.0
Namibia,NA,2017,3.75
Namibia,NA,2018,0.0
Namibia,NA,2019,14.583333333333334
Namibia,NA,2020,3.3333333333333335
Namibia,NA,2021,6.25
Namibia,NA,2022,13.166666666666666
Namibia,NA,2023,33.333333333333336
Namibia,NA,2024,33.833333333333336
Namibia,NA,2025,29.0
Nepal,NP,2004,0.0
Nepal,NP,2005,0.0
Nepal,NP,2006,0.0
Nepal,NP,2007,0.0
Nepal,NP,2008,0.0
Nepal,NP,2009,0.0
Nepal,NP,2010,0.0
Nepal,NP,2011,13.583333333333334
Nepal,NP,2012,17.5
Nepal,NP,2013,16.75
Nepal,NP,2014,25.666666666666668
Nepal,NP,2015,29.0
Nepal,NP,2016,33.833333333333336
Nepal,NP,2017,41.25
Nepal,NP,2018,47.833333333333336
Nepal,NP,2019,46.166666666666664
Nepal,NP,2020,39.0
Nepal,NP,2021,42.25
Nepal,NP,2022,48.25
Nepal,NP,2023,63.5
Nepal,NP,2024,63.416666666666664
Nepal,NP,2025,53.166666666666664
Netherlands,NL,2004,11.333333333333334
Netherlands,NL,2005,11.833333333333334
Netherlands,NL,2006,5.75
Netherlands,NL,2007,7.75
Netherlands,NL,2008,6.416666666666667
Netherlands,NL,2009,6.75
Netherlands,NL,2010,6.583333333333333
Netherlands,NL,2011,6.0
Netherlands,NL,2012,5.666666666666667
Netherlands,NL,2013,5.833333333333333
Netherlands,NL,2014,7.166666666666667
Netherlands,NL,2015,11.583333333333334
Netherlands,NL,2016,15.083333333333334
Netherlands,NL,2017,22.333333333333332
Netherlands,NL,2018,27.416666666666668
Netherlands,NL,2019,27.0
Netherlands,NL,2020,25.0
Netherlands,NL,2021,21.833333333333332
Netherlands,NL,2022,27.916666666666668
Netherlands,NL,2023,41.75
Netherlands,NL,2024,34.916666666666664
Netherlands,NL,2025,45.25
New Zealand,NZ,2004,8.333333333333334
New Zealand,NZ,2005,0.0
New Zealand,NZ,2006,0.0
New Zealand,NZ,2007,2.5833333333333335
New Zealand,NZ,2008,2.9166666666666665
New Zealand,NZ,2009,3.9166666666666665
New Zealand,NZ,2010,1.5
New Zealand,NZ,2011,8.833333333333334
New Zealand,NZ,2012,8.833333333333334
New Zealand,NZ,2013,9.166666666666666
New Zealand,NZ,2014,12.583333333333334
New Zealand,NZ,2015,20.916666666666668
New Zealand,NZ,2016,18.75
New Zealand,NZ,2017,33.083333333333336
New Zealand,NZ,2018,35.75
New Zealand,NZ,2019,28.75
New Zealand,NZ,2020,25.166666666666668
New Zealand,NZ,2021,20.416666666666668
New Zealand,NZ,2022,20.166666666666668
New Zealand,NZ,2023,42.833333333333336
New Zealand,NZ,2024,38.666666666666664
New Zealand,NZ,2025,48.25
Nicaragua,NI,2004,0.0
Nicaragua,NI,2005,0.0
Nicaragua,NI,2006,0.0
Nicaragua,NI,2007,0.0
Nicaragua,NI,2008,0.0
Nicaragua,NI,2009,0.0
Nicaragua,NI,2010,0.0
Nicaragua,NI,2011,0.0
Nicaragua,NI,2012,0.0
Nicaragua,NI,2013,0.0
Nicaragua,NI,2014,0.0
Nicaragua,NI,2015,8.333333333333334
Nicaragua,NI,2016,0.0
Nicaragua,NI,2017,0.0
Nicaragua,NI,2018,0.0
Nicaragua,NI,2019,0.0
Nicaragua,NI,2020,0.0
Nicaragua,NI,2021,0.0
Nicaragua,NI,2022,0.0
Nicaragua,NI,2023,0.0
Nicaragua,NI,2024,0.0
Nicaragua,NI,2025,15.0
Niger,NE,2004,0.0
Niger,NE,2005,0.0
Niger,NE,2006,0.0
Niger,NE,2007,0.0
Niger,NE,2008,0.0
Niger,NE,2009,0.0
Niger,NE,2010,0.0
Niger,NE,2011,0.0
Niger,NE,2012,0.0
Niger,NE,2013,0.0
Niger,NE,2014,8.333333333333334
Niger,NE,2015,0.0
Niger,NE,2016,0.0
Niger,NE,2017,0.0
Niger,NE,2018,0.0
Niger,NE,2019,0.0
Niger,NE,2020,0.0
Niger,NE,2021,0.0
Niger,NE,2022,2.3333333333333335
Niger,NE,2023,0.0
Niger,NE,2024,0.0
Niger,NE,2025,0.0
Nigeria,NG,2004,0.0
Nigeria,NG,2005,0.0
Nigeria,NG,2006,8.333333333333334
Nigeria,NG,2007,0.0
Nigeria,NG,2008,3.8333333333333335
Nigeria,NG,2009,0.0
Nigeria,NG,2010,1.9166666666666667
Nigeria,NG,2011,10.0
Nigeria,NG,2012,6.5
Nigeria,NG,2013,6.916666666666667
Nigeria,NG,2014,4.833333333333333
Nigeria,NG,2015,5.416666666666667
Nigeria,NG,2016,5.75
Nigeria,NG,2017,6.083333333333333
Nigeria,NG,2018,11.416666666666666
Nigeria,NG,2019,10.25
Nigeria,NG,2020,8.25
Nigeria,NG,2021,8.916666666666666
Nigeria,NG,2022,12.166666666666666
Nigeria,NG,2023,20.083333333333332
Nigeria,NG,2024,16.0
Nigeria,NG,2025,15.75
North Macedonia,MK,2004,0.0
North Macedonia,MK,2005,0.0
North Macedonia,MK,2006,0.0
North Macedonia,MK,2007,0.0
North Macedonia,MK,2008,0.0
North Macedonia,MK,2009,0.0
North Macedonia,MK,2010,0.0
North Macedonia,MK,2011,0.0
North Macedonia,MK,2012,0.0
North Macedonia,MK,2013,0.0
North Macedonia,MK,2014,0.0
North Macedonia,MK,2015,4.916666666666667
North Macedonia,MK,2016,0.0
North Macedonia,MK,2017,6.0
North Macedonia,MK,2018,6.333333333333333
North Macedonia,MK,2019,8.833333333333334
North Macedonia,MK,2020,9.5
North Macedonia,MK,2021,9.416666666666666
North Macedonia,MK,2022,22.0
North Macedonia,MK,2023,40.833333333333336
North Macedonia,MK,2024,41.666666666666664
North Macedonia,MK,2025,38.083333333333336
Norway,NO,2004,8.333333333333334
Norway,NO,2005,0.0
Norway,NO,2006,0.0
Norway,NO,2007,0.0
Norway,NO,2008,0.0
Norway,NO,2009,0.6666666666666666
Norway,NO,2010,2.0
Norway,NO,2011,1.5833333333333333
Norway,NO,2012,2.9166666666666665
Norway,NO,2013,1.9166666666666667
Norway,NO,2014,3.3333333333333335
Norway,NO,2015,4.583333333333333
Norway,NO,2016,6.333333333333333
Norway,NO,2017,10.5
Norway,NO,2018,9.5
Norway,NO,2019,8.0
Norway,NO,2020,8.0
Norway,NO,2021,6.5
Norway,NO,2022,8.833333333333334
Norway,NO,2023,15.083333333333334
Norway,NO,2024,12.666666666666666
Norway,NO,2025,16.083333333333332
Oman,OM,2004,0.0
Oman,OM,2005,0.0
Oman,OM,2006,0.0
Oman,OM,2007,0.0
Oman,OM,2008,0.0
Oman,OM,2009,0.0
Oman,OM,2010,8.333333333333334
Oman,OM,2011,0.0
Oman,OM,2012,0.0
Oman,OM,2013,0.0
Oman,OM,2014,0.0
Oman,OM,2015,3.25
Oman,OM,2016,0.0
Oman,OM,2017,11.25
Oman,OM,2018,24.833333333333332
Oman,OM,2019,32.25
Oman,OM,2020,38.333333333333336
Oman,OM,2021,30.666666666666668
Oman,OM,2022,37.25
Oman,OM,2023,54.916666666666664
Oman,OM,2024,56.166666666666664
Oman,OM,2025,46.75
Pakistan,PK,2004,36.333333333333336
Pakistan,PK,2005,35.333333333333336
Pakistan,PK,2006,23.916666666666668
Pakistan,PK,2007,14.166666666666666
Pakistan,PK,2008,6.666666666666667
Pakistan,PK,2009,4.166666666666667
Pakistan,PK,2010,6.833333333333333
Pakistan,PK,2011,5.916666666666667
Pakistan,PK,2012,5.916666666666667
Pakistan,PK,2013,4.666666666666667
Pakistan,PK,2014,4.916666666666667
Pakistan,PK,2015,5.75
Pakistan,PK,2016,5.666666666666667
Pakistan,PK,2017,6.916666666666667
Pakistan,PK,2018,8.5
Pakistan,PK,2019,11.083333333333334
Pakistan,PK,2020,10.666666666666666
Pakistan,PK,2021,9.416666666666666
Pakistan,PK,2022,13.916666666666666
Pakistan,PK,2023,19.833333333333332
Pakistan,PK,2024,15.833333333333334
Pakistan,PK,2025,13.416666666666666
Panama,PA,2004,0.0
Panama,PA,2005,0.0
Panama,PA,2006,0.0
Panama,PA,2007,0.0
Panama,PA,2008,8.333333333333334
Panama,PA,2009,0.0
Panama,PA,2010,0.0
Panama,PA,2011,0.0
Panama,PA,2012,0.0
Panama,PA,2013,0.0
Panama,PA,2014,0.0
Panama,PA,2015,0.0
Panama,PA,2016,1.0833333333333333
Panama,PA,2017,0.0
Panama,PA,2018,0.0
Panama,PA,2019,2.9166666666666665
Panama,PA,2020,1.75
Panama,PA,2021,2.75
Panama,PA,2022,3.0833333333333335
Panama,PA,2023,17.166666666666668
Panama,PA,2024,11.583333333333334
Panama,PA,2025,14.333333333333334
Papua New Guinea,PG,2004,0.0
Papua New Guinea,PG,2005,8.333333333333334
Papua New Guinea,PG,2006,0.0
Papua New Guinea,PG,2007,0.0
Papua New Guinea,PG,2008,0.0
Papua New Guinea,PG,2009,0.0
Papua New Guinea,PG,2010,0.0
Papua New Guinea,PG,2011,0.0
Papua New Guinea,PG,2012,0.0
Papua New Guinea,PG,2013,0.0
Papua New Guinea,PG,2014,0.0
Papua New Guinea,PG,2015,0.08333333333333333
Papua New Guinea,PG,2016,0.0
Papua New Guinea,PG,2017,0.0
Papua New Guinea,PG,2018,0.16666666666666666
Papua New Guinea,PG,2019,0.08333333333333333
Papua New Guinea,PG,2020,0.0
Papua New Guinea,PG,2021,0.0
Papua New Guinea,PG,2022,0.16666666666666666
Papua New Guinea,PG,2023,0.8333333333333334
Papua New Guinea,PG,2024,0.75
Papua New Guinea,PG,2025,1.0833333333333333
Paraguay,PY,2004,0.0
Paraguay,PY,2005,0.0
Paraguay,PY,2006,0.0
Paraguay,PY,2007,0.0
Paraguay,PY,2008,0.0
Paraguay,PY,2009,0.0
Paraguay,PY,2010,8.333333333333334
Paraguay,PY,2011,0.0
Paraguay,PY,2012,0.0
Paraguay,PY,2013,0.0
Paraguay,PY,2014,0.0
Paraguay,PY,2015,0.0
Paraguay,PY,2016,0.0
Paraguay,PY,2017,1.1666666666666667
Paraguay,PY,2018,0.75
Paraguay,PY,2019,0.0
Paraguay,PY,2020,0.0
Paraguay,PY,2021,0.4166666666666667
Paraguay,PY,2022,2.3333333333333335
Paraguay,PY,2023,1.8333333333333333
Paraguay,PY,2024,3.75
Paraguay,PY,2025,4.25
Peru,PE,2004,0.0
Peru,PE,2005,5.25
Peru,PE,2006,0.0
Peru,PE,2007,0.0
Peru,PE,2008,0.0
Peru,PE,2009,0.0
Peru,PE,2010,0.0
Peru,PE,2011,0.0
Peru,PE,2012,0.5833333333333334
Peru,PE,2013,0.0
Peru,PE,2014,0.9166666666666666
Peru,PE,2015,0.9166666666666666
Peru,PE,2016,2.0
Peru,PE,2017,6.416666666666667
Peru,PE,2018,8.75
Peru,PE,2019,10.25
Peru,PE,2020,9.5
Peru,PE,2021,8.583333333333334
Peru,PE,2022,9.75
Peru,PE,2023,22.333333333333332
Peru,PE,2024,27.333333333333332
Peru,PE,2025,43.666666666666664
Philippines,PH,2004,62.0
Philippines,PH,2005,32.5
Philippines,PH,2006,21.416666666666668
Philippines,PH,2007,14.083333333333334
Philippines,PH,2008,13.5
Philippines,PH,2009,10.666666666666666
Philippines,PH,2010,9.166666666666666
Philippines,PH,2011,8.083333333333334
Philippines,PH,2012,6.833333333333333
Philippines,PH,2013,5.166666666666667
Philippines,PH,2014,5.25
Philippines,PH,2015,4.583333333333333
Philippines,PH,2016,4.5
Philippines,PH,2017,5.666666666666667
Philippines,PH,2018,6.75
Philippines,PH,2019,7.333333333333333
Philippines,PH,2020,7.583333333333333
Philippines,PH,2021,8.25
Philippines,PH,2022,11.25
Philippines,PH,2023,18.0
Philippines,PH,2024,21.583333333333332
Philippines,PH,2025,18.833333333333332
Poland,PL,2004,0.0
Poland,PL,2005,3.75
Poland,PL,2006,2.1666666666666665
Poland,PL,2007,4.0
Poland,PL,2008,2.4166666666666665
Poland,PL,2009,3.6666666666666665
Poland,PL,2010,3.4166666666666665
Poland,PL,2011,2.9166666666666665
Poland,PL,2012,4.0
Poland,PL,2013,4.25
Poland,PL,2014,3.75
Poland,PL,2015,4.666666666666667
Poland,PL,2016,6.166666666666667
Poland,PL,2017,8.166666666666666
Poland,PL,2018,9.083333333333334
Poland,PL,2019,9.5
Poland,PL,2020,9.083333333333334
Poland,PL,2021,10.0
Poland,PL,2022,12.416666666666666
Poland,PL,2023,19.75
Poland,PL,2024,21.0
Poland,PL,2025,37.083333333333336
Portugal,PT,2004,0.0
Portugal,PT,2005,5.833333333333333
Portugal,PT,2006,2.3333333333333335
Portugal,PT,2007,1.6666666666666667
Portugal,PT,2008,1.0833333333333333
Portugal,PT,2009,4.416666666666667
Portugal,PT,2010,3.5
Portugal,PT,2011,6.833333333333333
Portugal,PT,2012,7.083333333333333
Portugal,PT,2013,6.333333333333333
Portugal,PT,2014,7.25
Portugal,PT,2015,8.416666666666666
Portugal,PT,2016,11.416666666666666
Portugal,PT,2017,16.166666666666668
Portugal,PT,2018,17.0
Portugal,PT,2019,19.416666666666668
Portugal,PT,2020,16.583333333333332
Portugal,PT,2021,17.416666666666668
Portugal,PT,2022,22.25
Portugal,PT,2023,36.416666666666664
Portugal,PT,2024,48.416666666666664
Portugal,PT,2025,47.666666666666664
Qatar,QA,2004,0.0
Qatar,QA,2005,0.0
Qatar,QA,2006,0.0
Qatar,QA,2007,0.0
Qatar,QA,2008,0.0
Qatar,QA,2009,0.0
Qatar,QA,2010,0.0
Qatar,QA,2011,0.0
Qatar,QA,2012,0.0
Qatar,QA,2013,0.0
Qatar,QA,2014,2.75
Qatar,QA,2015,0.0
Qatar,QA,2016,7.166666666666667
Qatar,QA,2017,10.083333333333334
Qatar,QA,2018,15.75
Qatar,QA,2019,25.5
Qatar,QA,2020,26.916666666666668
Qatar,QA,2021,28.083333333333332
Qatar,QA,2022,34.0
Qatar,QA,2023,54.75
Qatar,QA,2024,49.833333333333336
Qatar,QA,2025,49.583333333333336
Romania,RO,2004,8.333333333333334
Romania,RO,2005,4.666666666666667
Romania,RO,2006,6.666666666666667
Romania,RO,2007,7.666666666666667
Romania,RO,2008,3.8333333333333335
Romania,RO,2009,2.3333333333333335
Romania,RO,2010,5.75
Romania,RO,2011,6.5
Romania,RO,2012,5.083333333333333
Romania,RO,2013,4.583333333333333
Romania,RO,2014,5.166666666666667
Romania,RO,2015,6.333333333333333
Romania,RO,2016,7.5
Romania,RO,2017,10.0
Romania,RO,2018,10.916666666666666
Romania,RO,2019,10.0
Romania,RO,2020,10.75
Romania,RO,2021,9.416666666666666
Romania,RO,2022,12.833333333333334
Romania,RO,2023,18.416666666666668
Romania,RO,2024,19.0
Romania,RO,2025,27.583333333333332
Rwanda,RW,2004,0.0
Rwanda,RW,2005,0.0
Rwanda,RW,2006,0.0
Rwanda,RW,2007,0.0
Rwanda,RW,2008,8.333333333333334
Rwanda,RW,2009,0.0
Rwanda,RW,2010,0.0
Rwanda,RW,2011,0.0
Rwanda,RW,2012,0.0
Rwanda,RW,2013,0.0
Rwanda,RW,2014,0.75
Rwanda,RW,2015,0.0
Rwanda,RW,2016,0.0
Rwanda,RW,2017,0.0
Rwanda,RW,2018,0.0
Rwanda,RW,2019,3.0833333333333335
Rwanda,RW,2020,2.5
Rwanda,RW,2021,2.75
Rwanda,RW,2022,4.25
Rwanda,RW,2023,5.833333333333333
Rwanda,RW,2024,5.25
Rwanda,RW,2025,6.0
Saint Lucia,LC,2004,0.0
Saint Lucia,LC,2005,0.0
Saint Lucia,LC,2006,0.0
Saint Lucia,LC,2007,0.0
Saint Lucia,LC,2008,0.0
Saint Lucia,LC,2009,0.0
Saint Lucia,LC,2010,0.0
Saint Lucia,LC,2011,0.0
Saint Lucia,LC,2012,0.0
Saint Lucia,LC,2013,0.0
Saint Lucia,LC,2014,0.0
Saint Lucia,LC,2015,0.0
Saint Lucia,LC,2016,8.333333333333334
Saint Lucia,LC,2017,0.0
Saint Lucia,LC,2018,7.0
Saint Lucia,LC,2019,0.0
Saint Lucia,LC,2020,0.0
Saint Lucia,LC,2021,0.0
Saint Lucia,LC,2022,6.083333333333333
Saint Lucia,LC,2023,4.75
Saint Lucia,LC,2024,0.0
Saint Lucia,LC,2025,0.0
Saint Vincent and the Grenadines,VC,2004,0.0
Saint Vincent and the Grenadines,VC,2005,0.0
Saint Vincent and the Grenadines,VC,2006,0.0
Saint Vincent and the Grenadines,VC,2007,0.0
Saint Vincent and the Grenadines,VC,2008,0.0
Saint Vincent and the Grenadines,VC,2009,0.0
Saint Vincent and the Grenadines,VC,2010,0.0
Saint Vincent and the Grenadines,VC,2011,0.0
Saint Vincent and the Grenadines,VC,2012,0.0
Saint Vincent and the Grenadines,VC,2013,0.0
Saint Vincent and the Grenadines,VC,2014,0.0
Saint Vincent and the Grenadines,VC,2015,0.0
Saint Vincent and the Grenadines,VC,2016,0.0
Saint Vincent and the Grenadines,VC,2017,8.333333333333334
Saint Vincent and the Grenadines,VC,2018,0.0
Saint Vincent and the Grenadines,VC,2019,0.0
Saint Vincent and the Grenadines,VC,2020,0.0
Saint Vincent and the Grenadines,VC,2021,0.0
Saint Vincent and the Grenadines,VC,2022,0.0
Saint Vincent and the Grenadines,VC,2023,0.0
Saint Vincent and the Grenadines,VC,2024,0.0
Saint Vincent and the Grenadines,VC,2025,0.0
Saudi Arabia,SA,2004,0.0
Saudi Arabia,SA,2005,20.25
Saudi Arabia,SA,2006,0.0
Saudi Arabia,SA,2007,3.75
Saudi Arabia,SA,2008,0.0
Saudi Arabia,SA,2009,2.5833333333333335
Saudi Arabia,SA,2010,1.75
Saudi Arabia,SA,2011,2.6666666666666665
Saudi Arabia,SA,2012,3.6666666666666665
Saudi Arabia,SA,2013,3.8333333333333335
Saudi Arabia,SA,2014,3.6666666666666665
Saudi Arabia,SA,2015,5.166666666666667
Saudi Arabia,SA,2016,5.083333333333333
Saudi Arabia,SA,2017,7.416666666666667
Saudi Arabia,SA,2018,10.916666666666666
Saudi Arabia,SA,2019,13.583333333333334
Saudi Arabia,SA,2020,16.25
Saudi Arabia,SA,2021,13.583333333333334
Saudi Arabia,SA,2022,19.083333333333332
Saudi Arabia,SA,2023,26.416666666666668
Saudi Arabia,SA,2024,30.833333333333332
Saudi Arabia,SA,2025,33.5
Senegal,SN,2004,0.0
Senegal,SN,2005,0.0
Senegal,SN,2006,0.0
Senegal,SN,2007,0.0
Senegal,SN,2008,0.0
Senegal,SN,2009,0.0
Senegal,SN,2010,0.0
Senegal,SN,2011,0.0
Senegal,SN,2012,0.0
Senegal,SN,2013,0.0
Senegal,SN,2014,8.333333333333334
Senegal,SN,2015,0.0
Senegal,SN,2016,0.0
Senegal,SN,2017,0.0
Senegal,SN,2018,0.0
Senegal,SN,2019,0.0
Senegal,SN,2020,0.0
Senegal,SN,2021,0.0
Senegal,SN,2022,0.0
Senegal,SN,2023,4.5
Senegal,SN,2024,10.75
Senegal,SN,2025,16.75
Serbia,RS,2004,0.0
Serbia,RS,2005,0.0
Serbia,RS,2006,0.0
Serbia,RS,2007,0.0
Serbia,RS,2008,0.0
Serbia,RS,2009,0.0
Serbia,RS,2010,0.0
Serbia,RS,2011,5.0
Serbia,RS,2012,3.8333333333333335
Serbia,RS,2013,5.583333333333333
Serbia,RS,2014,5.916666666666667
Serbia,RS,2015,8.5
Serbia,RS,2016,8.5
Serbia,RS,2017,11.166666666666666
Serbia,RS,2018,15.083333333333334
Serbia,RS,2019,15.666666666666666
Serbia,RS,2020,14.416666666666666
Serbia,RS,2021,12.916666666666666
Serbia,RS,2022,20.916666666666668
Serbia,RS,2023,30.583333333333332
Serbia,RS,2024,30.166666666666668
Serbia,RS,2025,41.416666666666664
Sierra Leone,SL,2004,0.0
Sierra Leone,SL,2005,0.0
Sierra Leone,SL,2006,0.0
Sierra Leone,SL,2007,0.0
Sierra Leone,SL,2008,0.0
Sierra Leone,SL,2009,0.0
Sierra Leone,SL,2010,0.0
Sierra Leone,SL,2011,0.0
Sierra Leone,SL,2012,0.0
Sierra Leone,SL,2013,0.0
Sierra Leone,SL,2014,8.333333333333334
Sierra Leone,SL,2015,0.0
Sierra Leone,SL,2016,0.0
Sierra Leone,SL,2017,8.333333333333334
Sierra Leone,SL,2018,0.0
Sierra Leone,SL,2019,7.75
Sierra Leone,SL,2020,0.0
Sierra Leone,SL,2021,0.0
Sierra Leone,SL,2022,4.083333333333333
Sierra Leone,SL,2023,14.333333333333334
Sierra Leone,SL,2024,3.9166666666666665
Sierra Leone,SL,2025,5.333333333333333
Singapore,SG,2004,20.916666666666668
Singapore,SG,2005,10.333333333333334
Singapore,SG,2006,1.8333333333333333
Singapore,SG,2007,4.916666666666667
Singapore,SG,2008,5.166666666666667
Singapore,SG,2009,3.75
Singapore,SG,2010,3.6666666666666665
Singapore,SG,2011,5.916666666666667
Singapore,SG,2012,5.5
Singapore,SG,2013,5.416666666666667
Singapore,SG,2014,7.916666666666667
Singapore,SG,2015,8.75
Singapore,SG,2016,13.833333333333334
Singapore,SG,2017,30.75
Singapore,SG,2018,33.5
Singapore,SG,2019,29.916666666666668
Singapore,SG,2020,28.583333333333332
Singapore,SG,2021,28.0
Singapore,SG,2022,28.583333333333332
Singapore,SG,2023,35.666666666666664
Singapore,SG,2024,38.083333333333336
Singapore,SG,2025,44.916666666666664
Slovak Republic,SK,2004,8.333333333333334
Slovak Republic,SK,2005,0.0
Slovak Republic,SK,2006,0.0
Slovak Republic,SK,2007,0.0
Slovak Republic,SK,2008,0.0
Slovak Republic,SK,2009,0.0
Slovak Republic,SK,2010,0.0
Slovak Republic,SK,2011,0.25
Slovak Republic,SK,2012,0.0
Slovak Republic,SK,2013,0.0
Slovak Republic,SK,2014,0.25
Slovak Republic,SK,2015,0.75
Slovak Republic,SK,2016,0.25
Slovak Republic,SK,2017,1.75
Slovak Republic,SK,2018,1.8333333333333333
Slovak Republic,SK,2019,1.8333333333333333
Slovak Republic,SK,2020,2.3333333333333335
Slovak Republic,SK,2021,2.5
Slovak Republic,SK,2022,3.5
Slovak Republic,SK,2023,5.833333333333333
Slovak Republic,SK,2024,5.333333333333333
Slovak Republic,SK,2025,9.333333333333334
Slovenia,SI,2004,0.0
Slovenia,SI,2005,0.0
Slovenia,SI,2006,0.0
Slovenia,SI,2007,0.0
Slovenia,SI,2008,0.0
Slovenia,SI,2009,0.0
Slovenia,SI,2010,0.0
Slovenia,SI,2011,0.0
Slovenia,SI,2012,1.4166666666666667
Slovenia,SI,2013,1.25
Slovenia,SI,2014,1.0833333333333333
Slovenia,SI,2015,4.75
Slovenia,SI,2016,2.8333333333333335
Slovenia,SI,2017,2.6666666666666665
Slovenia,SI,2018,12.0
Slovenia,SI,2019,9.083333333333334
Slovenia,SI,2020,17.166666666666668
Slovenia,SI,2021,9.25
Slovenia,SI,2022,14.833333333333334
Slovenia,SI,2023,30.5
Slovenia,SI,2024,27.166666666666668
Slovenia,SI,2025,40.916666666666664
South Africa,ZA,2004,16.5
South Africa,ZA,2005,9.416666666666666
South Africa,ZA,2006,5.666666666666667
South Africa,ZA,2007,1.9166666666666667
South Africa,ZA,2008,2.5833333333333335
South Africa,ZA,2009,5.833333333333333
South Africa,ZA,2010,7.25
South Africa,ZA,2011,6.416666666666667
South Africa,ZA,2012,6.666666666666667
South Africa,ZA,2013,6.666666666666667
South Africa,ZA,2014,6.0
South Africa,ZA,2015,7.083333333333333
South Africa,ZA,2016,8.166666666666666
South Africa,ZA,2017,13.333333333333334
South Africa,ZA,2018,27.25
South Africa,ZA,2019,21.333333333333332
South Africa,ZA,2020,18.583333333333332
South Africa,ZA,2021,15.916666666666666
South Africa,ZA,2022,21.333333333333332
South Africa,ZA,2023,35.5
South Africa,ZA,2024,28.5
South Africa,ZA,2025,33.333333333333336
Spain,ES,2004,4.083333333333333
Spain,ES,2005,5.083333333333333
Spain,ES,2006,7.583333333333333
Spain,ES,2007,5.75
Spain,ES,2008,3.8333333333333335
Spain,ES,2009,4.5
Spain,ES,2010,4.25
Spain,ES,2011,3.75
Spain,ES,2012,3.5
Spain,ES,2013,3.3333333333333335
Spain,ES,2014,3.5
Spain,ES,2015,4.5
Spain,ES,2016,5.25
Spain,ES,2017,8.5
Spain,ES,2018,11.0
Spain,ES,2019,12.0
Spain,ES,2020,13.083333333333334
Spain,ES,2021,14.5
Spain,ES,2022,15.916666666666666
Spain,ES,2023,26.75
Spain,ES,2024,28.083333333333332
Spain,ES,2025,40.833333333333336
Sri Lanka,LK,2004,0.0
Sri Lanka,LK,2005,0.0
Sri Lanka,LK,2006,0.0
Sri Lanka,LK,2007,0.0
Sri Lanka,LK,2008,8.333333333333334
Sri Lanka,LK,2009,5.583333333333333
Sri Lanka,LK,2010,7.083333333333333
Sri Lanka,LK,2011,27.916666666666668
Sri Lanka,LK,2012,21.25
Sri Lanka,LK,2013,20.583333333333332
Sri Lanka,LK,2014,20.916666666666668
Sri Lanka,LK,2015,18.416666666666668
Sri Lanka,LK,2016,16.166666666666668
Sri Lanka,LK,2017,19.333333333333332
Sri Lanka,LK,2018,24.083333333333332
Sri Lanka,LK,2019,35.0
Sri Lanka,LK,2020,28.5
Sri Lanka,LK,2021,27.75
Sri Lanka,LK,2022,45.583333333333336
Sri Lanka,LK,2023,66.25
Sri Lanka,LK,2024,61.5
Sri Lanka,LK,2025,49.833333333333336
Sudan,SD,2004,0.0
Sudan,SD,2005,0.0
Sudan,SD,2006,0.0
Sudan,SD,2007,0.0
Sudan,SD,2008,0.0
Sudan,SD,2009,0.0
Sudan,SD,2010,0.0
Sudan,SD,2011,0.0
Sudan,SD,2012,0.0
Sudan,SD,2013,0.0
Sudan,SD,2014,0.0
Sudan,SD,2015,4.916666666666667
Sudan,SD,2016,3.0833333333333335
Sudan,SD,2017,5.833333333333333
Sudan,SD,2018,4.333333333333333
Sudan,SD,2019,10.0
Sudan,SD,2020,3.1666666666666665
Sudan,SD,2021,20.083333333333332
Sudan,SD,2022,40.583333333333336
Sudan,SD,2023,13.916666666666666
Sudan,SD,2024,16.25
Sudan,SD,2025,17.916666666666668
Suriname,SR,2004,0.0
Suriname,SR,2005,0.0
Suriname,SR,2006,0.0
Suriname,SR,2007,0.0
Suriname,SR,2008,0.0
Suriname,SR,2009,0.0
Suriname,SR,2010,0.0
Suriname,SR,2011,0.0
Suriname,SR,2012,0.0
Suriname,SR,2013,0.0
Suriname,SR,2014,0.0
Suriname,SR,2015,0.0
Suriname,SR,2016,0.0
Suriname,SR,2017,8.333333333333334
Suriname,SR,2018,0.0
Suriname,SR,2019,0.0
Suriname,SR,2020,0.0
Suriname,SR,2021,0.0
Suriname,SR,2022,0.0
Suriname,SR,2023,0.0
Suriname,SR,2024,0.0
Suriname,SR,2025,0.0
Sweden,SE,2004,10.416666666666666
Sweden,SE,2005,3.0
Sweden,SE,2006,4.25
Sweden,SE,2007,8.083333333333334
Sweden,SE,2008,5.166666666666667
Sweden,SE,2009,5.583333333333333
Sweden,SE,2010,9.333333333333334
Sweden,SE,2011,11.083333333333334
Sweden,SE,2012,8.833333333333334
Sweden,SE,2013,8.416666666666666
Sweden,SE,2014,10.0
Sweden,SE,2015,12.083333333333334
Sweden,SE,2016,15.5
Sweden,SE,2017,21.583333333333332
Sweden,SE,2018,25.333333333333332
Sweden,SE,2019,22.0
Sweden,SE,2020,20.833333333333332
Sweden,SE,2021,16.833333333333332
Sweden,SE,2022,21.25
Sweden,SE,2023,32.75
Sweden,SE,2024,34.416666666666664
Sweden,SE,2025,44.0
Switzerland,CH,2004,0.0
Switzerland,CH,2005,0.0
Switzerland,CH,2006,0.0
Switzerland,CH,2007,1.0
Switzerland,CH,2008,0.6666666666666666
Switzerland,CH,2009,0.0
Switzerland,CH,2010,2.25
Switzerland,CH,2011,2.9166666666666665
Switzerland,CH,2012,2.25
Switzerland,CH,2013,3.0
Switzerland,CH,2014,3.8333333333333335
Switzerland,CH,2015,6.666666666666667
Switzerland,CH,2016,10.583333333333334
Switzerland,CH,2017,19.583333333333332
Switzerland,CH,2018,22.416666666666668
Switzerland,CH,2019,22.083333333333332
Switzerland,CH,2020,18.083333333333332
Switzerland,CH,2021,15.416666666666666
Switzerland,CH,2022,19.416666666666668
Switzerland,CH,2023,34.583333333333336
Switzerland,CH,2024,34.25
Switzerland,CH,2025,43.25
Tajikistan,TJ,2004,8.333333333333334
Tajikistan,TJ,2005,0.0
Tajikistan,TJ,2006,0.0
Tajikistan,TJ,2007,0.0
Tajikistan,TJ,2008,0.0
Tajikistan,TJ,2009,0.0
Tajikistan,TJ,2010,0.0
Tajikistan,TJ,2011,0.0
Tajikistan,TJ,2012,0.0
Tajikistan,TJ,2013,0.0
Tajikistan,TJ,2014,0.0
Tajikistan,TJ,2015,0.0
Tajikistan,TJ,2016,0.0
Tajikistan,TJ,2017,0.0
Tajikistan,TJ,2018,0.0
Tajikistan,TJ,2019,0.0
Tajikistan,TJ,2020,0.0
Tajikistan,TJ,2021,0.0
Tajikistan,TJ,2022,0.0
Tajikistan,TJ,2023,0.0
Tajikistan,TJ,2024,0.0
Tajikistan,TJ,2025,0.0
Tanzania,TZ,2004,0.0
Tanzania,TZ,2005,0.0
Tanzania,TZ,2006,0.0
Tanzania,TZ,2007,0.0
Tanzania,TZ,2008,0.0
Tanzania,TZ,2009,0.0
Tanzania,TZ,2010,0.0
Tanzania,TZ,2011,8.333333333333334
Tanzania,TZ,2012,0.0
Tanzania,TZ,2013,2.9166666666666665
Tanzania,TZ,2014,2.9166666666666665
Tanzania,TZ,2015,3.75
Tanzania,TZ,2016,3.25
Tanzania,TZ,2017,3.8333333333333335
Tanzania,TZ,2018,6.916666666666667
Tanzania,TZ,2019,10.166666666666666
Tanzania,TZ,2020,9.583333333333334
Tanzania,TZ,2021,10.083333333333334
Tanzania,TZ,2022,16.75
Tanzania,TZ,2023,35.583333333333336
Tanzania,TZ,2024,32.166666666666664
Tanzania,TZ,2025,29.75
Thailand,TH,2004,8.333333333333334
Thailand,TH,2005,7.083333333333333
Thailand,TH,2006,3.25
Thailand,TH,2007,1.5833333333333333
Thailand,TH,2008,1.8333333333333333
Thailand,TH,2009,2.0
Thailand,TH,2010,1.9166666666666667
Thailand,TH,2011,2.9166666666666665
Thailand,TH,2012,2.8333333333333335
Thailand,TH,2013,2.9166666666666665
Thailand,TH,2014,3.0
Thailand,TH,2015,3.0
Thailand,TH,2016,3.75
Thailand,TH,2017,5.916666666666667
Thailand,TH,2018,7.25
Thailand,TH,2019,9.666666666666666
Thailand,TH,2020,10.166666666666666
Thailand,TH,2021,9.75
Thailand,TH,2022,8.166666666666666
Thailand,TH,2023,9.166666666666666
Thailand,TH,2024,11.5
Thailand,TH,2025,17.916666666666668
Timor-Leste,TL,2004,0.0
Timor-Leste,TL,2005,0.0
Timor-Leste,TL,2006,0.0
Timor-Leste,TL,2007,0.0
Timor-Leste,TL,2008,0.0
Timor-Leste,TL,2009,0.0
Timor-Leste,TL,2010,0.0
Timor-Leste,TL,2011,0.0
Timor-Leste,TL,2012,0.0
Timor-Leste,TL,2013,0.0
Timor-Leste,TL,2014,0.0
Timor-Leste,TL,2015,0.0
Timor-Leste,TL,2016,0.0
Timor-Leste,TL,2017,8.333333333333334
Timor-Leste,TL,2018,0.0
Timor-Leste,TL,2019,0.0
Timor-Leste,TL,2020,0.0
Timor-Leste,TL,2021,0.0
Timor-Leste,TL,2022,0.0
Timor-Leste,TL,2023,5.0
Timor-Leste,TL,2024,0.0
Timor-Leste,TL,2025,0.0
Togo,TG,2004,0.0
Togo,TG,2005,0.0
Togo,TG,2006,0.0
Togo,TG,2007,0.0
Togo,TG,2008,0.0
Togo,TG,2009,0.0
Togo,TG,2010,0.0
Togo,TG,2011,0.0
Togo,TG,2012,0.0
Togo,TG,2013,0.0
Togo,TG,2014,0.0
Togo,TG,2015,0.0
Togo,TG,2016,0.0
Togo,TG,2017,0.0
Togo,TG,2018,0.0
Togo,TG,2019,0.0
Togo,TG,2020,0.0
Togo,TG,2021,0.0
Togo,TG,2022,0.0
Togo,TG,2023,8.333333333333334
Togo,TG,2024,0.0
Togo,TG,2025,8.083333333333334
Trinidad and Tobago,TT,2004,0.0
Trinidad and Tobago,TT,2005,0.0
Trinidad and Tobago,TT,2006,0.0
Trinidad and Tobago,TT,2007,8.333333333333334
Trinidad and Tobago,TT,2008,0.0
Trinidad and Tobago,TT,2009,0.0
Trinidad and Tobago,TT,2010,0.0
Trinidad and Tobago,TT,2011,0.0
Trinidad and Tobago,TT,2012,0.0
Trinidad and Tobago,TT,2013,0.8333333333333334
Trinidad and Tobago,TT,2014,0.0
Trinidad and Tobago,TT,2015,0.6666666666666666
Trinidad and Tobago,TT,2016,0.75
Trinidad and Tobago,TT,2017,0.0
Trinidad and Tobago,TT,2018,2.4166666666666665
Trinidad and Tobago,TT,2019,1.25
Trinidad and Tobago,TT,2020,2.5833333333333335
Trinidad and Tobago,TT,2021,2.4166666666666665
Trinidad and Tobago,TT,2022,3.9166666666666665
Trinidad and Tobago,TT,2023,9.833333333333334
Trinidad and Tobago,TT,2024,5.583333333333333
Trinidad and Tobago,TT,2025,9.833333333333334
Tunisia,TN,2004,0.0
Tunisia,TN,2005,0.0
Tunisia,TN,2006,0.0
Tunisia,TN,2007,0.0
Tunisia,TN,2008,0.0
Tunisia,TN,2009,8.333333333333334
Tunisia,TN,2010,11.5
Tunisia,TN,2011,3.4166666666666665
Tunisia,TN,2012,5.0
Tunisia,TN,2013,7.75
Tunisia,TN,2014,4.666666666666667
Tunisia,TN,2015,6.916666666666667
Tunisia,TN,2016,9.666666666666666
Tunisia,TN,2017,11.583333333333334
Tunisia,TN,2018,15.583333333333334
Tunisia,TN,2019,22.666666666666668
Tunisia,TN,2020,23.25
Tunisia,TN,2021,20.25
Tunisia,TN,2022,35.75
Tunisia,TN,2023,43.666666666666664
Tunisia,TN,2024,42.166666666666664
Tunisia,TN,2025,52.416666666666664
"Türkiye, Republic of",TR,2004,3.75
"Türkiye, Republic of",TR,2005,12.0
"Türkiye, Republic of",TR,2006,7.666666666666667
"Türkiye, Republic of",TR,2007,5.75
"Türkiye, Republic of",TR,2008,4.25
"Türkiye, Republic of",TR,2009,4.666666666666667
"Türkiye, Republic of",TR,2010,4.583333333333333
"Türkiye, Republic of",TR,2011,4.0
"Türkiye, Republic of",TR,2012,4.75
"Türkiye, Republic of",TR,2013,4.583333333333333
"Türkiye, Republic of",TR,2014,4.416666666666667
"Türkiye, Republic of",TR,2015,6.0
"Türkiye, Republic of",TR,2016,6.583333333333333
"Türkiye, Republic of",TR,2017,10.75
"Türkiye, Republic of",TR,2018,12.916666666666666
"Türkiye, Republic of",TR,2019,14.416666666666666
"Türkiye, Republic of",TR,2020,12.75
"Türkiye, Republic of",TR,2021,11.416666666666666
"Türkiye, Republic of",TR,2022,16.0
"Türkiye, Republic of",TR,2023,23.083333333333332
"Türkiye, Republic of",TR,2024,28.916666666666668
"Türkiye, Republic of",TR,2025,41.083333333333336
Uganda,UG,2004,0.0
Uganda,UG,2005,0.0
Uganda,UG,2006,0.0
Uganda,UG,2007,8.333333333333334
Uganda,UG,2008,5.583333333333333
Uganda,UG,2009,0.0
Uganda,UG,2010,0.0
Uganda,UG,2011,2.0
Uganda,UG,2012,1.3333333333333333
Uganda,UG,2013,0.9166666666666666
Uganda,UG,2014,0.8333333333333334
Uganda,UG,2015,1.5
Uganda,UG,2016,1.1666666666666667
Uganda,UG,2017,1.0833333333333333
Uganda,UG,2018,2.25
Uganda,UG,2019,3.0
Uganda,UG,2020,2.0833333333333335
Uganda,UG,2021,2.6666666666666665
Uganda,UG,2022,3.5833333333333335
Uganda,UG,2023,5.75
Uganda,UG,2024,5.583333333333333
Uganda,UG,2025,4.75
Ukraine,UA,2004,0.0
Ukraine,UA,2005,0.0
Ukraine,UA,2006,0.0
Ukraine,UA,2007,0.0
Ukraine,UA,2008,0.0
Ukraine,UA,2009,3.5833333333333335
Ukraine,UA,2010,0.0
Ukraine,UA,2011,2.75
Ukraine,UA,2012,2.0
Ukraine,UA,2013,2.9166666666666665
Ukraine,UA,2014,3.3333333333333335
Ukraine,UA,2015,3.25
Ukraine,UA,2016,5.666666666666667
Ukraine,UA,2017,7.5
Ukraine,UA,2018,9.833333333333334
Ukraine,UA,2019,10.666666666666666
Ukraine,UA,2020,11.333333333333334
Ukraine,UA,2021,10.833333333333334
Ukraine,UA,2022,11.916666666666666
Ukraine,UA,2023,19.833333333333332
Ukraine,UA,2024,24.0
Ukraine,UA,2025,36.333333333333336
United Arab Emirates,AE,2004,0.0
United Arab Emirates,AE,2005,0.0
United Arab Emirates,AE,2006,0.0
United Arab Emirates,AE,2007,0.0
United Arab Emirates,AE,2008,0.0
United Arab Emirates,AE,2009,1.75
United Arab Emirates,AE,2010,4.833333333333333
United Arab Emirates,AE,2011,3.0833333333333335
United Arab Emirates,AE,2012,2.0833333333333335
United Arab Emirates,AE,2013,3.75
United Arab Emirates,AE,2014,5.5
United Arab Emirates,AE,2015,8.583333333333334
United Arab Emirates,AE,2016,10.583333333333334
United Arab Emirates,AE,2017,25.0
United Arab Emirates,AE,2018,48.5
United Arab Emirates,AE,2019,52.666666666666664
United Arab Emirates,AE,2020,57.0
United Arab Emirates,AE,2021,52.166666666666664
United Arab Emirates,AE,2022,52.583333333333336
United Arab Emirates,AE,2023,59.166666666666664
United Arab Emirates,AE,2024,54.666666666666664
United Arab Emirates,AE,2025,59.0
United Kingdom,GB,2004,37.75
United Kingdom,GB,2005,25.25
United Kingdom,GB,2006,15.75
United Kingdom,GB,2007,13.583333333333334
United Kingdom,GB,2008,11.5
United Kingdom,GB,2009,10.416666666666666
United Kingdom,GB,2010,10.0
United Kingdom,GB,2011,10.0
United Kingdom,GB,2012,9.583333333333334
United Kingdom,GB,2013,10.416666666666666
United Kingdom,GB,2014,11.416666666666666
United Kingdom,GB,2015,16.75
United Kingdom,GB,2016,17.916666666666668
United Kingdom,GB,2017,27.75
United Kingdom,GB,2018,30.833333333333332
United Kingdom,GB,2019,30.083333333333332
United Kingdom,GB,2020,30.75
United Kingdom,GB,2021,24.833333333333332
United Kingdom,GB,2022,31.083333333333332
United Kingdom,GB,2023,52.75
United Kingdom,GB,2024,48.25
United Kingdom,GB,2025,59.166666666666664
United States,US,2004,24.833333333333332
United States,US,2005,17.0
United States,US,2006,12.083333333333334
United States,US,2007,10.083333333333334
United States,US,2008,8.916666666666666
United States,US,2009,9.666666666666666
United States,US,2010,9.0
United States,US,2011,10.083333333333334
United States,US,2012,8.5
United States,US,2013,8.0
United States,US,2014,9.833333333333334
United States,US,2015,13.5
United States,US,2016,14.75
United States,US,2017,23.333333333333332
United States,US,2018,26.083333333333332
United States,US,2019,23.583333333333332
United States,US,2020,21.0
United States,US,2021,19.25
United States,US,2022,22.25
United States,US,2023,41.833333333333336
United States,US,2024,41.5
United States,US,2025,69.33333333333333
Uruguay,UY,2004,0.0
Uruguay,UY,2005,0.0
Uruguay,UY,2006,0.0
Uruguay,UY,2007,0.0
Uruguay,UY,2008,0.0
Uruguay,UY,2009,0.0
Uruguay,UY,2010,0.0
Uruguay,UY,2011,0.0
Uruguay,UY,2012,0.0
Uruguay,UY,2013,0.0
Uruguay,UY,2014,0.0
Uruguay,UY,2015,0.0
Uruguay,UY,2016,0.0
Uruguay,UY,2017,0.0
Uruguay,UY,2018,4.333333333333333
Uruguay,UY,2019,4.25
Uruguay,UY,2020,1.9166666666666667
Uruguay,UY,2021,0.0
Uruguay,UY,2022,1.5833333333333333
Uruguay,UY,2023,17.0
Uruguay,UY,2024,12.833333333333334
Uruguay,UY,2025,33.083333333333336
Venezuela,VE,2004,0.0
Venezuela,VE,2005,0.0
Venezuela,VE,2006,8.333333333333334
Venezuela,VE,2007,0.0
Venezuela,VE,2008,0.0
Venezuela,VE,2009,0.0
Venezuela,VE,2010,0.0
Venezuela,VE,2011,0.9166666666666666
Venezuela,VE,2012,0.0
Venezuela,VE,2013,0.4166666666666667
Venezuela,VE,2014,0.6666666666666666
Venezuela,VE,2015,0.3333333333333333
Venezuela,VE,2016,0.0
Venezuela,VE,2017,0.0
Venezuela,VE,2018,0.4166666666666667
Venezuela,VE,2019,3.25
Venezuela,VE,2020,6.583333333333333
Venezuela,VE,2021,6.0
Venezuela,VE,2022,2.5833333333333335
Venezuela,VE,2023,12.333333333333334
Venezuela,VE,2024,10.25
Venezuela,VE,2025,15.25
Vietnam,VN,2004,8.333333333333334
Vietnam,VN,2005,0.0
Vietnam,VN,2006,0.0
Vietnam,VN,2007,0.3333333333333333
Vietnam,VN,2008,0.0
Vietnam,VN,2009,0.0
Vietnam,VN,2010,0.0
Vietnam,VN,2011,0.08333333333333333
Vietnam,VN,2012,0.0
Vietnam,VN,2013,0.0
Vietnam,VN,2014,0.08333333333333333
Vietnam,VN,2015,0.08333333333333333
Vietnam,VN,2016,0.0
Vietnam,VN,2017,0.3333333333333333
Vietnam,VN,2018,0.8333333333333334
Vietnam,VN,2019,1.4166666666666667
Vietnam,VN,2020,1.9166666666666667
Vietnam,VN,2021,1.6666666666666667
Vietnam,VN,2022,1.6666666666666667
Vietnam,VN,2023,2.3333333333333335
Vietnam,VN,2024,3.1666666666666665
Vietnam,VN,2025,3.8333333333333335
Yemen,YE,2004,0.0
Yemen,YE,2005,0.0
Yemen,YE,2006,0.0
Yemen,YE,2007,0.0
Yemen,YE,2008,0.0
Yemen,YE,2009,0.0
Yemen,YE,2010,0.0
Yemen,YE,2011,0.0
Yemen,YE,2012,0.0
Yemen,YE,2013,0.0
Yemen,YE,2014,0.0
Yemen,YE,2015,0.0
Yemen,YE,2016,0.0
Yemen,YE,2017,0.0
Yemen,YE,2018,0.0
Yemen,YE,2019,0.0
Yemen,YE,2020,0.0
Yemen,YE,2021,10.75
Yemen,YE,2022,14.166666666666666
Yemen,YE,2023,42.583333333333336
Yemen,YE,2024,45.666666666666664
Yemen,YE,2025,51.333333333333336
Zambia,ZM,2004,0.0
Zambia,ZM,2005,0.0
Zambia,ZM,2006,0.0
Zambia,ZM,2007,0.0
Zambia,ZM,2008,0.0
Zambia,ZM,2009,0.0
Zambia,ZM,2010,0.0
Zambia,ZM,2011,0.0
Zambia,ZM,2012,0.0
Zambia,ZM,2013,0.0
Zambia,ZM,2014,1.5
Zambia,ZM,2015,1.3333333333333333
Zambia,ZM,2016,0.8333333333333334
Zambia,ZM,2017,1.0
Zambia,ZM,2018,13.083333333333334
Zambia,ZM,2019,5.0
Zambia,ZM,2020,3.6666666666666665
Zambia,ZM,2021,2.6666666666666665
Zambia,ZM,2022,6.083333333333333
Zambia,ZM,2023,11.0
Zambia,ZM,2024,10.166666666666666
Zambia,ZM,2025,10.5
Zimbabwe,ZW,2004,0.0
Zimbabwe,ZW,2005,0.0
Zimbabwe,ZW,2006,0.0
Zimbabwe,ZW,2007,0.0
Zimbabwe,ZW,2008,0.0
Zimbabwe,ZW,2009,0.0
Zimbabwe,ZW,2010,0.0
Zimbabwe,ZW,2011,0.0
Zimbabwe,ZW,2012,2.5
Zimbabwe,ZW,2013,0.0
Zimbabwe,ZW,2014,9.166666666666666
Zimbabwe,ZW,2015,5.833333333333333
Zimbabwe,ZW,2016,9.166666666666666
Zimbabwe,ZW,2017,16.583333333333332
Zimbabwe,ZW,2018,27.5
Zimbabwe,ZW,2019,38.333333333333336
Zimbabwe,ZW,2020,33.583333333333336
Zimbabwe,ZW,2021,36.0
Zimbabwe,ZW,2022,57.75
Zimbabwe,ZW,2023,67.66666666666667
Zimbabwe,ZW,2024,64.66666666666667
Zimbabwe,ZW,2025,51.583333333333336
